product_id,date,category,store_region,units_sold,price_eur,cost_eur,competitor_price_eur,supplier_cost_index,marketing_spend_eur,promo_flag,inventory_level,customer_satisfaction,website_traffic,social_media_score,temperature_avg_c
P001,2023-01,Premium,Centre,80.0,84.81,50.6,87.0,98.79,315.25,0,580,4.65,2513,46.0,4.2
P002,2023-01,Mass,South,375.3,25.02,17.39,31.38,101.36,348.26,0,313,3.86,2360,60.1,3.5
P003,2023-01,Mass,Centre,243.7,24.67,11.55,20.68,103.62,413.47,0,437,3.34,1936,22.5,-0.8
P004,2023-01,Mass,Centre,325.3,30.25,16.33,30.11,100.58,485.05,0,350,3.09,2442,86.4,1.1
P005,2023-01,Mass,North,293.3,47.9,24.83,44.88,103.56,410.08,0,433,4.52,2078,59.1,-0.7
P006,2023-01,Discount,Centre,369.6,17.83,7.89,16.02,100.53,408.46,0,388,3.91,2446,52.3,-2.2
P007,2023-01,Discount,North,486.9,17.68,8.0,18.36,98.15,333.78,0,233,3.85,1918,51.0,2.3
P008,2023-01,Premium,South,109.8,105.08,51.31,90.12,99.84,221.66,0,516,3.46,2144,84.7,3.0
P009,2023-01,Mass,Centre,340.2,22.42,10.99,21.17,97.83,164.72,0,404,3.74,2584,52.7,4.7
P010,2023-01,Mass,North,460.5,22.54,14.77,27.29,103.43,797.07,1,290,3.83,3016,29.3,3.0
P011,2023-01,Discount,South,337.7,10.39,6.36,8.75,99.98,281.54,0,380,4.21,633,33.4,-0.8
P012,2023-01,Discount,Centre,820.2,13.47,9.06,16.89,101.9,259.5,0,76,4.2,1349,61.0,4.3
P013,2023-01,Mass,Centre,361.3,37.0,21.2,34.61,101.08,306.47,0,393,3.93,2359,66.7,1.1
P014,2023-01,Discount,South,1021.8,13.79,8.7,15.75,104.37,335.43,0,50,4.03,3030,17.1,3.8
P015,2023-01,Mass,South,269.5,35.58,19.85,34.23,97.57,369.41,0,370,2.82,3049,81.0,2.6
P016,2023-01,Discount,North,385.7,14.25,8.46,12.25,102.4,198.62,0,305,2.81,2049,59.4,0.4
P017,2023-01,Mass,North,265.0,32.5,21.33,41.12,97.42,357.31,0,465,3.73,3166,71.4,4.6
P018,2023-01,Mass,South,255.7,28.88,16.87,29.62,101.0,647.95,1,425,3.6,2314,64.5,1.7
P019,2023-01,Mass,Islands,256.0,24.7,12.7,22.77,99.35,186.9,0,384,3.21,3168,70.9,0.2
P020,2023-01,Premium,South,88.3,77.06,43.35,78.73,99.4,461.33,0,567,3.47,1507,45.3,2.6
P021,2023-01,Mass,Centre,391.9,30.12,19.9,33.3,100.26,335.0,0,309,5.0,2571,71.9,3.6
P022,2023-01,Mass,South,273.1,28.11,16.86,29.91,96.76,758.38,1,409,3.3,2148,59.7,4.5
P023,2023-01,Mass,North,175.1,27.12,14.22,27.12,100.97,288.92,0,507,4.19,2387,50.1,2.5
P024,2023-01,Premium,Centre,74.0,72.23,39.07,68.5,97.94,338.5,0,544,3.06,765,53.3,2.7
P025,2023-01,Mass,Centre,441.6,26.23,15.97,27.09,101.91,393.28,0,302,3.11,3173,47.2,1.4
P026,2023-01,Mass,Centre,515.9,20.5,11.64,19.73,96.07,624.61,1,227,3.76,1038,56.3,1.9
P027,2023-01,Premium,South,81.2,91.01,50.15,86.07,102.82,363.58,0,588,3.77,1990,84.2,3.3
P028,2023-01,Mass,Centre,433.3,22.09,10.19,20.34,101.05,426.45,0,293,3.62,2762,12.2,0.9
P029,2023-01,Mass,Islands,367.8,22.37,12.83,21.53,98.93,418.42,0,380,4.62,3186,43.4,0.1
P030,2023-01,Mass,Centre,317.6,32.41,17.2,31.9,98.18,250.22,0,350,4.17,2070,85.6,2.2
P031,2023-01,Premium,North,123.9,99.02,54.05,96.06,100.18,436.94,0,487,2.13,2960,70.2,2.9
P032,2023-01,Discount,South,1122.0,14.52,7.73,16.26,103.86,521.17,1,50,4.2,2612,32.5,-0.0
P033,2023-01,Discount,Islands,413.5,12.95,6.4,10.2,101.3,330.91,0,366,3.39,3169,31.6,1.8
P034,2023-01,Mass,South,280.4,41.77,24.8,42.3,97.98,393.53,0,366,4.57,1759,75.4,0.9
P035,2023-01,Mass,Islands,323.9,46.66,25.32,42.09,103.84,353.95,0,348,3.84,2449,68.0,5.3
P036,2023-01,Discount,Centre,489.4,12.17,6.01,10.7,98.31,395.18,0,292,3.68,3078,70.9,1.6
P037,2023-01,Mass,Islands,193.0,42.02,22.76,40.17,101.16,337.7,0,434,4.0,2111,62.8,3.3
P038,2023-01,Mass,North,218.4,22.47,13.99,23.3,99.77,232.02,0,451,3.91,1109,23.4,1.6
P039,2023-01,Discount,North,834.3,14.35,8.5,13.87,95.84,273.99,0,50,2.78,2743,45.7,1.3
P040,2023-01,Mass,Islands,379.4,25.3,14.91,23.1,97.94,309.32,0,340,3.57,3247,74.7,3.6
P001,2023-02,Premium,Centre,123.1,94.09,53.56,93.08,103.17,670.41,1,493,4.6,1840,37.6,3.4
P002,2023-02,Mass,South,259.6,34.82,16.43,31.34,103.25,345.04,0,455,3.57,2722,80.4,-0.8
P003,2023-02,Mass,Centre,391.9,24.69,11.32,22.24,97.78,757.35,1,333,3.12,2874,37.3,3.0
P004,2023-02,Mass,Centre,737.7,22.63,17.24,29.76,103.94,773.3,1,127,4.72,3201,39.3,5.0
P005,2023-02,Mass,North,526.9,41.68,25.69,42.83,102.75,861.59,1,153,4.59,2337,59.0,4.3
P006,2023-02,Discount,Centre,702.7,14.85,8.81,14.78,95.32,611.66,1,123,4.38,2365,47.2,3.0
P007,2023-02,Discount,North,503.1,19.26,9.3,17.54,102.22,545.32,0,226,3.7,2919,38.3,1.6
P008,2023-02,Premium,South,130.4,89.29,49.27,86.28,94.72,293.35,0,504,2.92,2331,19.3,0.6
P009,2023-02,Mass,Centre,338.0,22.1,11.87,21.85,98.57,317.3,0,329,3.59,2404,36.2,5.2
P010,2023-02,Mass,North,266.0,28.69,15.09,26.8,99.93,368.3,0,417,3.56,3261,43.7,7.5
P011,2023-02,Discount,South,1014.3,8.0,4.3,8.59,101.97,788.09,1,50,3.85,3294,49.0,3.5
P012,2023-02,Discount,Centre,1804.9,11.35,8.33,12.36,100.5,722.39,1,50,3.31,2261,88.9,0.1
P013,2023-02,Mass,Centre,451.9,35.76,18.59,33.28,100.36,384.06,0,197,4.07,2731,48.5,4.6
P014,2023-02,Discount,South,745.2,15.87,8.63,15.62,102.14,341.26,0,58,4.65,2100,26.4,2.9
P015,2023-02,Mass,South,284.1,35.43,19.73,36.87,102.72,385.0,0,386,2.92,3093,76.9,7.4
P016,2023-02,Discount,North,547.1,13.04,8.04,14.99,101.75,453.32,0,225,4.3,2005,30.6,6.0
P017,2023-02,Mass,North,215.1,39.77,21.79,38.73,102.75,722.76,1,473,4.2,2083,38.1,6.4
P018,2023-02,Mass,South,186.0,32.19,16.11,29.26,96.84,213.12,0,483,3.77,2846,29.0,7.2
P019,2023-02,Mass,Islands,213.6,28.05,14.02,23.44,101.18,348.79,0,385,3.8,2396,62.5,2.4
P020,2023-02,Premium,South,84.6,71.35,44.31,76.28,99.94,383.81,0,543,3.34,2952,64.6,2.5
P021,2023-02,Mass,Centre,694.9,27.51,18.04,30.97,99.64,691.18,1,132,3.04,1993,29.5,2.2
P022,2023-02,Mass,South,204.4,31.6,16.81,31.1,97.92,300.77,0,453,3.66,2574,28.0,8.0
P023,2023-02,Mass,North,172.1,27.52,13.71,25.33,96.62,233.55,0,518,2.15,1753,36.6,5.4
P024,2023-02,Premium,Centre,131.5,62.84,40.92,71.81,100.77,738.29,1,543,3.98,2003,29.1,0.3
P025,2023-02,Mass,Centre,602.6,27.24,15.72,26.39,98.71,824.06,1,124,4.1,2065,50.8,1.8
P026,2023-02,Mass,Centre,374.4,22.77,11.48,18.76,97.94,353.77,0,365,3.95,2541,39.9,6.0
P027,2023-02,Premium,South,128.5,61.91,47.2,84.37,100.37,667.97,1,445,3.25,2250,56.5,0.6
P028,2023-02,Mass,Centre,523.5,18.39,10.22,20.77,100.52,433.25,0,243,4.29,2666,41.8,4.5
P029,2023-02,Mass,Islands,318.9,22.73,12.19,21.93,99.66,379.39,0,361,3.96,2476,49.2,8.2
P030,2023-02,Mass,Centre,386.4,31.15,17.98,28.7,96.63,390.41,0,382,3.78,4007,56.1,5.2
P031,2023-02,Premium,North,152.0,88.73,54.84,94.82,99.63,133.86,0,527,4.17,1908,19.8,2.9
P032,2023-02,Discount,South,846.9,15.02,8.44,14.14,100.18,369.57,0,50,3.49,2133,36.9,7.2
P033,2023-02,Discount,Islands,697.6,11.55,6.58,12.58,102.6,678.39,1,69,4.04,2067,26.9,5.1
P034,2023-02,Mass,South,299.5,43.29,24.0,42.66,98.77,356.65,0,344,4.41,2522,27.8,7.1
P035,2023-02,Mass,Islands,521.9,39.52,22.84,39.62,95.4,787.71,1,243,4.0,2027,23.2,5.4
P036,2023-02,Discount,Centre,323.5,15.61,6.63,10.53,101.62,358.01,0,339,3.14,3502,89.2,2.8
P037,2023-02,Mass,Islands,244.2,36.12,21.75,38.59,98.26,288.09,0,395,3.48,1754,67.6,0.8
P038,2023-02,Mass,North,274.1,22.09,13.78,23.89,99.49,668.03,1,290,3.31,2201,46.7,3.2
P039,2023-02,Discount,North,826.8,15.08,8.31,14.76,99.53,411.4,0,50,4.06,2318,18.0,0.1
P040,2023-02,Mass,Islands,635.6,24.96,15.15,26.47,100.98,790.14,1,145,3.77,2626,69.8,9.2
P001,2023-03,Premium,Centre,82.0,85.61,50.67,90.9,101.27,490.59,0,595,3.09,2522,29.0,8.1
P002,2023-03,Mass,South,331.2,31.01,15.5,28.47,96.44,367.92,0,383,3.42,1893,33.0,8.2
P003,2023-03,Mass,Centre,292.0,23.43,12.38,23.46,100.02,375.87,0,325,3.88,2156,69.5,7.2
P004,2023-03,Mass,Centre,409.7,27.57,16.4,24.77,101.71,294.07,0,279,3.43,2088,14.5,12.8
P005,2023-03,Mass,North,327.0,56.65,25.59,44.1,103.43,272.66,0,333,3.83,1994,41.9,6.4
P006,2023-03,Discount,Centre,583.5,14.71,8.48,13.4,96.41,359.11,0,186,3.54,2586,91.1,4.7
P007,2023-03,Discount,North,954.1,14.36,8.86,14.52,98.18,341.66,0,50,4.05,1932,65.4,9.7
P008,2023-03,Premium,South,149.2,86.46,50.23,87.04,95.97,816.76,1,472,4.05,2139,41.9,10.5
P009,2023-03,Mass,Centre,644.9,20.63,12.9,23.31,102.94,660.24,1,137,4.18,2320,86.6,7.1
P010,2023-03,Mass,North,385.7,23.21,12.64,26.09,97.52,388.52,0,302,3.67,2437,63.9,6.5
P011,2023-03,Discount,South,353.3,10.23,4.7,10.7,98.1,243.68,0,358,3.29,3097,62.8,8.6
P012,2023-03,Discount,Centre,642.0,15.91,7.75,11.38,93.58,423.33,0,178,3.57,2364,44.7,5.0
P013,2023-03,Mass,Centre,405.2,40.95,19.63,32.95,101.16,288.28,0,283,3.15,3031,43.1,9.8
P014,2023-03,Discount,South,704.2,16.89,8.01,15.02,101.83,323.69,0,135,3.25,2525,25.0,7.0
P015,2023-03,Mass,South,317.9,36.7,19.72,34.53,99.59,312.04,0,408,3.57,1757,55.9,9.7
P016,2023-03,Discount,North,446.5,13.93,7.63,12.69,101.74,251.78,0,257,3.9,2725,65.5,7.8
P017,2023-03,Mass,North,136.3,42.99,22.31,38.91,102.46,356.84,0,437,2.73,2460,49.0,9.0
P018,2023-03,Mass,South,265.7,29.33,16.31,28.77,102.53,771.07,1,428,3.2,2525,67.8,5.9
P019,2023-03,Mass,Islands,286.1,25.53,12.86,25.1,99.61,425.64,0,466,4.5,2062,35.5,11.2
P020,2023-03,Premium,South,123.3,68.84,42.82,76.84,98.93,810.48,1,531,2.76,2504,40.1,4.4
P021,2023-03,Mass,Centre,395.1,33.82,18.82,31.71,104.0,444.39,0,346,3.69,2568,52.0,10.7
P022,2023-03,Mass,South,235.7,33.42,16.97,29.69,97.75,411.28,0,391,3.36,4338,31.7,6.0
P023,2023-03,Mass,North,393.3,20.38,14.25,26.08,101.4,706.22,1,372,3.68,2342,53.4,5.7
P024,2023-03,Premium,Centre,148.3,56.2,37.83,67.05,96.36,679.54,1,519,3.17,1134,32.5,9.3
P025,2023-03,Mass,Centre,481.6,27.21,15.45,27.1,95.77,406.14,0,293,4.33,3420,42.3,8.4
P026,2023-03,Mass,Centre,459.5,20.01,11.66,19.05,97.37,335.95,0,251,3.28,2123,40.2,9.5
P027,2023-03,Premium,South,82.1,84.38,46.77,84.08,99.02,545.74,0,552,4.5,3093,44.3,10.9
P028,2023-03,Mass,Centre,709.1,17.42,11.6,19.93,97.51,782.53,1,93,3.63,2128,40.9,4.9
P029,2023-03,Mass,Islands,561.1,19.26,13.47,25.63,99.66,775.73,1,114,3.0,2648,73.8,11.5
P030,2023-03,Mass,Centre,410.8,31.23,18.23,30.47,99.97,431.96,0,314,3.36,2696,52.3,8.7
P031,2023-03,Premium,North,111.3,102.45,55.23,96.43,100.94,396.68,0,589,4.24,2511,60.9,6.1
P032,2023-03,Discount,South,933.2,13.84,7.66,14.63,101.68,261.04,0,50,3.63,1837,69.4,7.3
P033,2023-03,Discount,Islands,762.1,10.41,5.22,10.23,101.1,372.26,0,126,3.88,1958,41.3,7.8
P034,2023-03,Mass,South,423.7,43.86,24.04,39.91,98.64,758.88,1,233,4.72,703,81.7,4.5
P035,2023-03,Mass,Islands,457.1,40.74,22.93,39.1,100.18,682.36,1,354,3.9,1447,63.3,8.6
P036,2023-03,Discount,Centre,568.9,12.14,6.56,10.71,95.32,350.6,0,209,5.0,2752,39.4,11.8
P037,2023-03,Mass,Islands,346.0,33.81,21.72,38.78,96.91,820.18,1,404,2.38,3538,40.0,11.4
P038,2023-03,Mass,North,179.6,27.0,12.54,22.05,98.68,405.62,0,430,4.07,2875,40.2,6.6
P039,2023-03,Discount,North,1284.8,13.49,6.93,12.31,98.71,415.77,0,50,3.21,2398,85.0,6.0
P040,2023-03,Mass,Islands,388.2,27.12,14.27,25.82,101.25,388.67,0,326,3.67,3310,48.4,10.1
P001,2023-04,Premium,Centre,112.6,79.45,50.62,87.89,99.35,755.17,1,487,3.86,1640,22.7,15.5
P002,2023-04,Mass,South,311.4,29.39,16.26,26.96,97.9,431.45,0,378,2.74,2549,40.9,16.9
P003,2023-04,Mass,Centre,304.6,22.05,11.31,20.81,95.59,343.98,0,343,5.0,2293,57.4,11.9
P004,2023-04,Mass,Centre,497.8,27.73,16.35,28.19,100.22,322.66,0,287,3.99,2060,44.7,16.7
P005,2023-04,Mass,North,457.3,45.44,23.49,41.64,100.12,786.75,1,279,3.67,1453,48.1,13.0
P006,2023-04,Discount,Centre,601.5,14.34,7.93,15.37,99.53,492.87,0,225,2.94,3306,31.4,12.7
P007,2023-04,Discount,North,734.1,18.19,8.95,14.53,99.46,695.39,1,63,4.29,2052,29.8,15.1
P008,2023-04,Premium,South,186.9,85.75,52.69,91.21,100.4,701.26,1,477,3.75,2000,46.8,13.3
P009,2023-04,Mass,Centre,381.7,25.13,13.33,23.13,101.72,442.58,0,336,2.95,3361,26.1,11.4
P010,2023-04,Mass,North,493.5,25.75,14.31,27.0,100.05,768.27,1,225,3.0,1279,34.9,12.5
P011,2023-04,Discount,South,467.9,9.08,4.78,11.76,100.76,197.39,0,220,3.88,2285,58.9,14.8
P012,2023-04,Discount,Centre,627.1,16.08,7.35,15.12,101.75,410.96,0,173,2.31,3420,35.0,11.9
P013,2023-04,Mass,Centre,503.8,33.26,19.74,34.54,100.37,300.29,0,209,4.17,1980,54.2,13.3
P014,2023-04,Discount,South,952.4,14.4,7.74,14.85,98.02,283.78,0,50,3.63,2570,42.1,11.8
P015,2023-04,Mass,South,306.9,39.02,19.92,36.67,99.76,442.67,0,373,4.07,2746,57.6,9.9
P016,2023-04,Discount,North,455.0,14.4,6.88,11.18,99.19,294.93,0,284,4.06,2193,61.8,18.4
P017,2023-04,Mass,North,163.1,41.24,21.18,35.2,94.93,317.2,0,490,3.57,2378,70.5,10.1
P018,2023-04,Mass,South,228.9,29.4,17.01,28.96,98.82,426.1,0,394,2.82,2251,47.5,16.3
P019,2023-04,Mass,Islands,276.1,24.92,14.29,26.04,99.79,432.62,0,388,3.85,2172,53.8,16.5
P020,2023-04,Premium,South,123.9,71.88,43.15,78.42,97.47,814.86,1,505,3.48,3422,33.2,10.6
P021,2023-04,Mass,Centre,580.1,32.46,19.93,32.65,102.9,743.08,1,225,4.92,2876,60.1,12.6
P022,2023-04,Mass,South,192.1,34.26,16.86,28.84,99.4,345.99,0,531,3.15,2175,28.8,10.4
P023,2023-04,Mass,North,351.8,21.78,14.92,26.54,99.01,819.77,1,442,4.07,2396,26.5,18.9
P024,2023-04,Premium,Centre,128.6,72.3,39.87,68.55,99.83,775.96,1,566,3.37,3011,83.2,10.0
P025,2023-04,Mass,Centre,497.7,28.77,16.15,28.01,97.16,431.47,0,259,3.96,2841,50.9,19.0
P026,2023-04,Mass,Centre,463.1,20.12,11.58,20.18,99.26,428.5,0,196,3.52,2518,81.9,12.5
P027,2023-04,Premium,South,139.6,69.52,44.48,76.7,92.99,648.02,1,529,3.73,2148,48.9,12.7
P028,2023-04,Mass,Centre,400.3,24.4,10.18,20.27,100.82,416.69,0,325,2.68,1320,33.8,13.5
P029,2023-04,Mass,Islands,375.9,21.87,13.11,21.84,99.38,288.48,0,316,2.8,3041,34.3,14.9
P030,2023-04,Mass,Centre,554.0,27.18,17.21,28.61,100.12,771.57,1,238,4.08,3335,41.1,12.2
P031,2023-04,Premium,North,145.6,90.77,54.71,96.56,102.32,464.53,0,412,2.26,2107,58.9,15.7
P032,2023-04,Discount,South,888.2,13.64,8.5,13.4,103.6,282.92,0,50,3.4,2154,81.9,14.2
P033,2023-04,Discount,Islands,509.1,12.04,6.29,12.82,100.95,281.6,0,189,4.05,2268,50.1,15.3
P034,2023-04,Mass,South,311.4,44.2,25.75,44.68,99.52,394.32,0,267,4.49,1855,77.8,17.0
P035,2023-04,Mass,Islands,585.7,40.29,26.25,43.01,105.8,766.7,1,169,3.51,2964,40.2,14.5
P036,2023-04,Discount,Centre,678.3,9.89,6.02,10.84,101.29,296.19,0,233,3.97,1762,72.1,17.6
P037,2023-04,Mass,Islands,355.8,36.14,20.73,37.96,94.74,859.3,1,373,3.56,2711,27.2,12.5
P038,2023-04,Mass,North,218.6,19.71,13.43,24.15,101.25,468.54,0,453,3.62,2412,53.4,12.6
P039,2023-04,Discount,North,843.6,15.22,8.07,14.55,98.25,280.46,0,50,3.77,2308,56.9,18.0
P040,2023-04,Mass,Islands,389.7,26.6,15.68,24.68,98.86,517.71,0,368,3.19,2738,51.1,7.9
P001,2023-05,Premium,Centre,106.2,93.75,50.96,90.09,100.24,747.1,1,516,2.6,1827,74.1,20.5
P002,2023-05,Mass,South,544.7,26.48,16.12,30.36,97.71,895.96,1,203,4.3,2251,64.6,19.8
P003,2023-05,Mass,Centre,513.1,17.99,12.35,21.85,100.11,851.67,1,242,3.02,2086,72.1,21.5
P004,2023-05,Mass,Centre,519.6,24.83,14.95,28.06,97.74,214.43,0,187,2.8,2893,63.8,17.0
P005,2023-05,Mass,North,334.4,43.38,24.25,41.98,97.68,380.47,0,409,3.04,3530,65.7,19.4
P006,2023-05,Discount,Centre,496.5,15.1,8.35,15.92,97.51,379.51,0,309,3.65,2397,57.7,22.2
P007,2023-05,Discount,North,894.4,15.35,9.44,15.86,101.26,322.8,0,50,4.05,1750,17.5,21.4
P008,2023-05,Premium,South,161.7,99.55,53.85,94.11,103.66,650.59,1,495,4.17,2005,44.1,17.7
P009,2023-05,Mass,Centre,709.0,17.77,12.01,19.3,95.58,781.84,1,50,3.68,2613,41.3,17.9
P010,2023-05,Mass,North,471.5,24.45,15.22,27.88,100.21,671.08,1,250,4.4,3555,27.1,19.5
P011,2023-05,Discount,South,490.1,9.94,4.98,9.12,98.75,341.46,0,285,5.0,2729,32.0,18.6
P012,2023-05,Discount,Centre,1119.5,12.95,7.91,11.67,95.04,378.35,0,50,2.93,2714,58.6,22.0
P013,2023-05,Mass,Centre,388.0,36.73,18.7,35.23,98.44,328.94,0,350,3.97,3065,33.8,18.2
P014,2023-05,Discount,South,1140.3,13.47,8.04,14.57,93.89,332.8,0,50,4.61,2411,42.0,22.8
P015,2023-05,Mass,South,301.4,36.55,19.51,32.31,95.15,278.88,0,347,2.97,2262,36.3,22.5
P016,2023-05,Discount,North,385.8,14.19,8.04,14.17,104.51,385.56,0,267,3.27,1346,66.9,19.2
P017,2023-05,Mass,North,173.4,38.27,23.45,39.69,103.19,153.61,0,451,3.41,1907,48.1,19.0
P018,2023-05,Mass,South,280.9,26.96,16.14,31.77,99.59,685.83,1,386,4.1,2517,57.1,18.6
P019,2023-05,Mass,Islands,327.7,23.63,12.38,22.64,99.88,314.16,0,375,3.18,2731,74.5,21.1
P020,2023-05,Premium,South,77.4,78.53,45.88,77.01,101.07,341.66,0,519,4.15,2085,57.6,18.0
P021,2023-05,Mass,Centre,379.5,34.96,17.18,31.5,96.57,381.87,0,328,3.33,1736,51.9,22.4
P022,2023-05,Mass,South,248.6,26.6,16.95,25.91,95.12,288.36,0,383,4.34,1912,35.6,18.5
P023,2023-05,Mass,North,172.4,27.59,13.12,24.85,97.55,443.6,0,497,4.49,3222,47.2,21.5
P024,2023-05,Premium,Centre,142.5,64.02,41.0,70.15,100.55,853.66,1,519,2.87,2453,45.0,21.2
P025,2023-05,Mass,Centre,415.1,31.58,16.97,28.76,103.84,368.85,0,318,4.53,2856,79.9,23.2
P026,2023-05,Mass,Centre,443.1,21.16,10.38,18.19,97.02,249.13,0,327,3.22,2872,52.6,21.1
P027,2023-05,Premium,South,139.1,66.26,44.21,79.91,96.03,799.02,1,511,3.62,2417,51.8,16.7
P028,2023-05,Mass,Centre,712.2,16.56,11.8,21.09,101.81,844.49,1,94,3.62,2617,54.9,19.8
P029,2023-05,Mass,Islands,552.8,20.13,11.9,21.16,95.58,836.61,1,213,2.98,2733,39.9,23.6
P030,2023-05,Mass,Centre,348.8,29.55,16.21,27.82,97.79,316.02,0,400,3.66,2089,60.2,18.4
P031,2023-05,Premium,North,121.2,117.73,53.34,93.52,97.16,349.28,0,572,3.64,3066,33.9,17.9
P032,2023-05,Discount,South,941.2,14.4,8.36,14.77,100.23,399.34,0,50,3.43,2642,42.6,16.4
P033,2023-05,Discount,Islands,617.2,11.37,6.46,12.62,101.23,234.5,0,203,4.18,2349,48.9,20.8
P034,2023-05,Mass,South,288.6,40.19,23.07,43.91,97.39,235.39,0,359,3.84,1842,46.0,20.9
P035,2023-05,Mass,Islands,587.2,38.27,23.96,42.29,102.47,815.78,1,159,2.99,1556,40.1,21.2
P036,2023-05,Discount,Centre,768.7,10.9,6.14,9.41,99.38,368.14,0,98,3.46,1793,30.9,15.0
P037,2023-05,Mass,Islands,216.4,38.34,22.72,38.94,97.27,432.92,0,512,4.12,2344,25.1,24.5
P038,2023-05,Mass,North,299.0,22.42,12.56,22.37,97.04,799.92,1,422,3.52,3482,27.0,23.1
P039,2023-05,Discount,North,878.4,15.83,8.8,13.98,101.65,297.72,0,50,3.65,1598,25.2,15.3
P040,2023-05,Mass,Islands,350.3,32.37,14.69,25.88,101.07,289.21,0,353,4.0,1776,24.4,20.1
P001,2023-06,Premium,Centre,119.3,85.7,50.35,88.34,99.73,803.2,1,494,3.92,3454,31.7,25.8
P002,2023-06,Mass,South,219.5,32.78,15.68,28.07,98.39,375.12,0,360,4.05,3651,53.8,24.7
P003,2023-06,Mass,Centre,284.6,23.23,12.46,21.97,101.91,356.06,0,396,1.64,1536,99.0,26.4
P004,2023-06,Mass,Centre,345.6,31.46,16.41,29.24,101.73,418.14,0,400,4.13,2506,29.8,26.4
P005,2023-06,Mass,North,299.8,48.11,24.31,45.55,103.24,417.85,0,431,3.83,3357,65.8,22.1
P006,2023-06,Discount,Centre,1032.7,12.33,8.39,15.14,99.94,792.09,1,50,3.43,2148,50.9,17.9
P007,2023-06,Discount,North,1035.6,14.49,9.32,16.35,102.23,420.02,0,50,2.82,2271,31.0,21.1
P008,2023-06,Premium,South,157.6,92.59,53.21,91.24,101.25,945.42,1,445,2.7,1850,71.3,21.8
P009,2023-06,Mass,Centre,454.9,21.54,13.31,24.22,105.12,236.21,0,299,4.48,2508,52.1,25.0
P010,2023-06,Mass,North,392.3,19.97,14.13,24.86,95.98,329.8,0,254,2.25,2622,49.3,24.6
P011,2023-06,Discount,South,401.7,11.4,6.0,11.92,103.81,480.03,0,269,3.57,2537,75.3,28.5
P012,2023-06,Discount,Centre,702.1,15.51,8.24,16.1,99.75,426.95,0,210,3.32,2137,30.2,23.7
P013,2023-06,Mass,Centre,385.3,40.59,19.21,33.15,99.83,322.64,0,288,4.56,1756,37.0,24.1
P014,2023-06,Discount,South,1059.2,13.09,7.33,13.89,101.75,242.82,0,50,4.09,2884,58.2,25.5
P015,2023-06,Mass,South,246.6,41.95,21.49,33.75,104.38,391.45,0,429,2.98,2925,66.3,19.6
P016,2023-06,Discount,North,526.3,13.13,8.52,14.57,100.29,248.69,0,189,4.71,2529,54.5,25.5
P017,2023-06,Mass,North,184.2,35.46,23.92,38.88,102.7,414.88,0,490,3.67,3331,49.0,23.1
P018,2023-06,Mass,South,313.6,28.88,17.05,28.56,97.75,857.87,1,335,2.78,2722,60.8,25.1
P019,2023-06,Mass,Islands,316.0,25.19,14.87,24.43,102.81,822.21,1,305,2.85,2490,38.9,22.6
P020,2023-06,Premium,South,120.7,66.91,42.28,72.75,95.42,787.29,1,512,3.98,2228,43.6,22.0
P021,2023-06,Mass,Centre,576.4,31.31,19.23,33.54,99.45,767.04,1,149,3.12,1907,66.7,22.7
P022,2023-06,Mass,South,184.7,33.21,16.48,29.95,100.96,507.81,0,436,3.76,2920,80.2,23.0
P023,2023-06,Mass,North,172.1,29.47,14.51,24.82,101.92,384.23,0,454,3.48,2899,89.5,24.0
P024,2023-06,Premium,Centre,123.9,56.75,38.96,68.96,96.79,774.61,1,544,4.41,2388,27.8,29.3
P025,2023-06,Mass,Centre,601.7,27.92,16.43,25.65,99.06,573.73,1,118,4.59,2424,43.7,22.8
P026,2023-06,Mass,Centre,596.6,18.69,10.79,19.07,97.83,641.29,1,230,3.86,3235,49.5,24.7
P027,2023-06,Premium,South,131.0,66.22,45.65,78.13,95.83,688.17,1,559,3.69,2631,40.6,26.0
P028,2023-06,Mass,Centre,421.8,20.74,11.88,16.57,95.18,302.17,0,308,2.8,2818,39.9,25.4
P029,2023-06,Mass,Islands,316.8,23.39,12.33,23.58,101.11,410.7,0,351,3.21,2627,69.7,24.8
P030,2023-06,Mass,Centre,382.9,35.32,17.14,28.78,98.4,482.21,0,325,3.28,2249,57.4,27.7
P031,2023-06,Premium,North,192.2,87.41,50.66,89.22,93.24,678.66,1,456,3.77,2497,41.8,24.6
P032,2023-06,Discount,South,707.8,14.66,7.32,13.85,100.81,325.45,0,150,4.12,2067,52.5,22.6
P033,2023-06,Discount,Islands,484.3,11.77,5.98,12.08,99.85,290.9,0,195,3.79,1957,64.4,22.6
P034,2023-06,Mass,South,402.0,38.05,22.34,40.99,96.01,525.07,1,346,3.21,3000,61.0,19.3
P035,2023-06,Mass,Islands,542.1,40.96,24.9,41.69,101.41,712.82,1,224,3.26,2391,53.9,29.0
P036,2023-06,Discount,Centre,778.3,9.06,6.73,10.73,96.66,424.33,0,50,3.3,2281,33.7,27.9
P037,2023-06,Mass,Islands,162.3,49.7,24.38,39.57,101.0,246.79,0,475,3.39,1644,37.6,29.3
P038,2023-06,Mass,North,284.2,23.05,14.19,22.67,99.81,800.98,1,445,3.69,2696,18.2,22.9
P039,2023-06,Discount,North,1279.4,13.59,6.99,15.1,96.67,325.2,0,50,4.05,2692,73.6,25.7
P040,2023-06,Mass,Islands,722.1,23.46,14.82,28.2,102.12,795.35,1,136,4.0,2352,22.4,25.8
P001,2023-07,Premium,Centre,80.9,92.61,49.1,89.19,96.69,392.72,0,551,3.2,1941,78.3,26.5
P002,2023-07,Mass,South,408.1,28.02,16.88,31.13,102.5,478.69,0,261,4.36,2010,10.4,24.0
P003,2023-07,Mass,Centre,296.2,22.09,13.49,21.54,103.65,438.75,0,367,4.56,2589,37.6,25.6
P004,2023-07,Mass,Centre,663.5,25.28,15.45,28.27,98.45,681.02,1,215,4.88,3007,49.9,23.8
P005,2023-07,Mass,North,321.9,39.68,23.4,39.87,96.61,373.0,0,410,3.55,3216,54.7,27.7
P006,2023-07,Discount,Centre,523.5,14.83,8.31,15.33,100.08,374.24,0,236,4.02,2529,18.7,32.0
P007,2023-07,Discount,North,615.6,17.9,9.68,18.72,101.1,407.35,0,117,4.0,1637,75.9,25.7
P008,2023-07,Premium,South,116.0,99.55,52.18,92.67,100.66,174.09,0,521,2.79,2591,48.3,26.5
P009,2023-07,Mass,Centre,653.9,19.77,11.14,20.54,94.91,617.18,1,208,3.78,2928,71.4,27.4
P010,2023-07,Mass,North,393.6,22.12,14.26,26.46,98.09,352.05,0,353,3.98,3712,23.5,30.5
P011,2023-07,Discount,South,585.9,9.55,5.53,8.14,101.0,748.13,1,158,3.44,2893,60.5,28.4
P012,2023-07,Discount,Centre,772.6,15.75,8.61,16.76,97.25,245.06,0,108,4.27,2681,21.7,27.3
P013,2023-07,Mass,Centre,451.0,34.16,19.46,32.33,99.16,323.74,0,269,3.21,2281,36.9,27.4
P014,2023-07,Discount,South,612.4,16.89,7.79,13.44,98.47,331.49,0,203,3.87,2509,57.6,27.6
P015,2023-07,Mass,South,315.6,35.01,20.54,34.33,101.07,409.02,0,408,3.44,2729,46.0,29.5
P016,2023-07,Discount,North,530.8,12.83,7.13,12.26,98.03,290.02,0,222,3.98,1991,54.2,23.4
P017,2023-07,Mass,North,134.3,41.84,21.87,38.33,99.65,206.37,0,499,4.0,3007,80.4,29.9
P018,2023-07,Mass,South,174.9,31.65,17.15,31.56,101.62,330.28,0,494,3.15,1591,15.5,28.5
P019,2023-07,Mass,Islands,383.6,21.23,14.05,23.77,100.19,709.19,1,293,4.76,3439,28.5,23.8
P020,2023-07,Premium,South,75.7,89.88,45.68,80.44,102.2,282.05,0,608,3.11,2740,74.1,25.6
P021,2023-07,Mass,Centre,332.1,34.6,17.33,32.29,97.4,293.82,0,366,3.4,2916,52.5,27.8
P022,2023-07,Mass,South,287.3,28.18,16.47,30.22,100.26,784.92,1,407,2.86,2431,70.9,24.4
P023,2023-07,Mass,North,168.7,26.94,15.17,24.26,103.23,340.95,0,469,2.5,2368,60.4,26.5
P024,2023-07,Premium,Centre,124.8,60.61,39.07,67.39,96.5,706.68,1,523,4.02,1727,67.4,24.3
P025,2023-07,Mass,Centre,451.5,26.53,14.3,28.57,95.58,327.06,0,289,2.98,2830,42.4,26.6
P026,2023-07,Mass,Centre,421.9,23.51,11.99,18.97,98.13,364.65,0,351,4.15,2889,36.4,28.3
P027,2023-07,Premium,South,115.7,84.17,45.03,81.62,96.69,783.12,1,540,3.48,3101,50.5,27.6
P028,2023-07,Mass,Centre,391.9,24.76,12.37,21.95,102.05,279.82,0,264,3.74,2575,55.8,22.7
P029,2023-07,Mass,Islands,302.0,22.83,11.25,24.19,99.23,426.57,0,311,2.9,2897,64.4,24.9
P030,2023-07,Mass,Centre,375.5,27.74,16.58,28.88,94.15,182.63,0,378,4.15,2291,39.9,21.5
P031,2023-07,Premium,North,123.2,96.88,54.97,96.56,102.13,383.06,0,539,4.37,2719,73.3,23.0
P032,2023-07,Discount,South,1031.6,13.05,8.47,15.09,99.5,201.43,0,50,3.96,2605,49.1,24.7
P033,2023-07,Discount,Islands,515.1,10.93,5.39,9.58,101.03,399.84,0,276,3.84,3559,65.4,24.8
P034,2023-07,Mass,South,405.5,36.34,21.58,40.0,95.45,906.21,1,225,3.34,3195,39.3,21.5
P035,2023-07,Mass,Islands,331.6,45.34,24.45,43.94,98.75,315.99,0,430,3.35,2078,13.6,23.2
P036,2023-07,Discount,Centre,560.2,11.31,6.21,10.09,97.62,319.88,0,167,3.22,3055,51.0,18.8
P037,2023-07,Mass,Islands,312.4,37.52,22.61,41.05,98.03,831.52,1,335,4.34,2443,22.9,28.6
P038,2023-07,Mass,North,197.8,22.72,12.36,25.02,97.47,348.56,0,484,4.26,1893,63.8,25.2
P039,2023-07,Discount,North,939.6,13.6,8.42,14.75,97.69,354.13,0,50,4.4,2423,61.7,25.4
P040,2023-07,Mass,Islands,410.1,23.22,14.66,26.93,100.24,310.69,0,329,3.58,3154,50.8,27.0
P001,2023-08,Premium,Centre,74.1,103.71,52.47,92.38,101.94,299.19,0,552,4.09,831,81.5,25.4
P002,2023-08,Mass,South,282.1,29.72,17.09,28.82,101.69,282.52,0,445,3.87,2658,47.2,25.8
P003,2023-08,Mass,Centre,284.7,22.78,13.44,22.39,103.67,520.49,0,361,4.38,2725,75.3,21.3
P004,2023-08,Mass,Centre,358.3,27.81,14.85,31.8,100.83,422.73,0,331,4.08,3198,38.7,24.8
P005,2023-08,Mass,North,408.6,46.1,24.02,42.05,98.58,736.25,1,276,4.28,1866,38.6,27.1
P006,2023-08,Discount,Centre,434.3,16.06,10.0,15.2,98.67,302.84,0,293,3.38,2383,76.3,25.0
P007,2023-08,Discount,North,622.3,16.81,9.32,15.73,101.21,452.0,0,134,3.47,2340,69.0,27.0
P008,2023-08,Premium,South,172.8,83.32,51.59,92.21,100.15,879.49,1,479,3.67,3057,54.9,21.0
P009,2023-08,Mass,Centre,404.9,19.71,12.55,21.48,98.5,372.31,0,329,4.13,1972,27.8,23.0
P010,2023-08,Mass,North,229.8,27.87,15.38,24.11,101.97,324.91,0,485,3.0,2540,51.8,23.6
P011,2023-08,Discount,South,361.9,10.5,5.26,10.68,99.82,331.57,0,381,4.61,3316,25.6,19.6
P012,2023-08,Discount,Centre,556.5,16.65,8.2,10.32,103.09,378.3,0,254,2.88,4029,97.2,24.6
P013,2023-08,Mass,Centre,357.8,37.59,19.83,32.77,101.5,375.57,0,302,3.65,2287,70.9,22.9
P014,2023-08,Discount,South,934.9,12.94,7.92,12.99,99.31,277.62,0,50,2.78,3322,51.5,27.6
P015,2023-08,Mass,South,417.2,34.61,20.98,37.72,101.9,946.86,1,313,4.73,2790,92.4,23.1
P016,2023-08,Discount,North,393.7,13.0,9.0,10.97,98.25,339.99,0,271,3.61,2483,58.6,20.8
P017,2023-08,Mass,North,167.6,38.42,23.21,37.39,103.58,639.68,0,490,2.74,1716,36.5,27.8
P018,2023-08,Mass,South,248.5,28.76,17.08,31.36,101.08,662.82,1,421,3.83,2927,37.0,29.2
P019,2023-08,Mass,Islands,196.5,26.29,12.88,24.49,102.42,480.87,0,498,2.66,2255,43.7,26.6
P020,2023-08,Premium,South,81.8,64.76,42.93,75.76,98.61,339.02,0,571,2.27,1847,62.3,23.3
P021,2023-08,Mass,Centre,650.2,28.89,18.53,33.86,101.81,793.87,1,116,4.12,2114,51.8,21.3
P022,2023-08,Mass,South,189.9,29.87,18.9,30.51,103.71,333.86,0,508,4.36,1997,72.1,28.7
P023,2023-08,Mass,North,206.4,21.82,13.71,24.58,96.78,324.21,0,447,3.07,2963,61.7,27.8
P024,2023-08,Premium,Centre,79.5,66.83,40.01,71.06,99.77,351.9,0,481,3.78,1775,50.5,21.6
P025,2023-08,Mass,Centre,324.4,32.74,15.81,25.95,101.85,381.99,0,351,1.97,2860,45.2,26.5
P026,2023-08,Mass,Centre,466.9,20.81,11.52,22.09,102.3,802.86,1,284,3.83,1902,43.9,22.7
P027,2023-08,Premium,South,105.7,85.11,48.93,87.64,104.12,745.88,1,604,3.7,2782,69.0,20.3
P028,2023-08,Mass,Centre,289.0,25.65,12.79,21.13,105.59,345.11,0,388,4.14,2810,44.2,20.5
P029,2023-08,Mass,Islands,346.8,19.1,12.96,20.94,99.84,278.0,0,389,3.79,2597,79.4,23.2
P030,2023-08,Mass,Centre,473.7,28.42,17.45,32.88,102.55,749.48,1,204,3.51,2316,48.7,26.0
P031,2023-08,Premium,North,180.2,81.43,53.3,95.32,99.98,889.37,1,459,5.0,1860,45.5,22.3
P032,2023-08,Discount,South,674.7,14.92,7.97,14.64,102.94,366.89,0,195,4.41,2387,32.8,24.8
P033,2023-08,Discount,Islands,780.7,10.46,6.37,13.21,105.47,835.95,1,125,3.65,2501,53.0,23.9
P034,2023-08,Mass,South,354.1,43.96,24.07,43.8,99.02,683.85,1,374,4.09,2411,15.8,24.1
P035,2023-08,Mass,Islands,411.9,40.86,25.08,43.44,103.37,386.31,0,392,4.68,1775,43.3,24.9
P036,2023-08,Discount,Centre,494.6,11.66,5.76,11.78,103.16,223.43,0,270,2.61,1763,36.0,26.0
P037,2023-08,Mass,Islands,193.3,42.96,22.42,37.98,101.87,229.88,0,405,4.13,3043,25.7,28.3
P038,2023-08,Mass,North,222.4,22.71,15.09,23.21,105.31,272.75,0,435,3.7,2395,35.0,23.0
P039,2023-08,Discount,North,1199.5,14.01,8.3,14.5,102.38,736.99,1,50,3.85,2298,46.3,22.7
P040,2023-08,Mass,Islands,289.7,29.29,15.52,24.62,100.83,352.48,0,436,4.22,1959,58.4,25.0
P001,2023-09,Premium,Centre,143.7,69.73,48.92,84.24,95.69,791.93,1,461,3.19,1529,31.3,22.6
P002,2023-09,Mass,South,250.5,32.22,15.74,29.3,100.93,309.81,0,356,3.56,1868,73.6,20.9
P003,2023-09,Mass,Centre,397.2,21.36,12.54,20.17,101.29,809.02,1,346,3.93,2169,75.8,17.6
P004,2023-09,Mass,Centre,510.8,28.27,15.98,29.99,101.71,695.57,1,306,4.35,2350,67.2,21.9
P005,2023-09,Mass,North,326.6,36.15,25.66,44.71,103.85,329.37,0,366,4.4,2992,54.0,22.9
P006,2023-09,Discount,Centre,813.9,13.95,8.86,16.25,103.09,797.09,1,50,4.48,3063,37.0,12.7
P007,2023-09,Discount,North,459.4,18.6,9.29,14.48,98.62,348.86,0,186,3.6,2683,37.5,20.9
P008,2023-09,Premium,South,121.5,92.92,49.95,88.56,96.06,249.38,0,441,2.43,2689,61.4,20.7
P009,2023-09,Mass,Centre,486.8,19.92,13.41,23.5,104.0,769.01,1,200,3.05,2131,54.2,23.1
P010,2023-09,Mass,North,380.6,24.97,14.66,24.98,101.08,812.76,1,345,2.97,2601,73.1,18.5
P011,2023-09,Discount,South,566.6,9.68,5.21,10.99,100.36,750.16,1,226,4.63,3690,57.3,15.6
P012,2023-09,Discount,Centre,1365.3,12.41,8.08,13.44,101.89,787.69,1,50,4.74,2911,25.8,19.4
P013,2023-09,Mass,Centre,342.0,33.07,18.68,32.31,96.03,376.5,0,431,3.88,2739,42.3,23.4
P014,2023-09,Discount,South,821.5,14.34,8.59,17.13,101.7,283.76,0,50,2.94,2101,68.1,19.5
P015,2023-09,Mass,South,257.6,37.04,19.33,35.46,101.3,350.13,0,473,3.78,2185,47.8,18.9
P016,2023-09,Discount,North,316.3,15.9,8.82,12.61,104.73,432.5,0,355,2.78,2109,45.3,19.5
P017,2023-09,Mass,North,117.6,44.74,20.74,36.65,96.75,484.22,0,497,3.24,2040,59.9,17.3
P018,2023-09,Mass,South,153.8,34.03,17.72,30.58,103.16,320.57,0,461,4.28,1867,64.8,21.9
P019,2023-09,Mass,Islands,208.0,25.46,14.55,23.14,99.0,286.94,0,495,2.14,2559,67.8,18.0
P020,2023-09,Premium,South,83.1,85.13,43.73,77.71,100.43,459.6,0,441,3.66,3386,54.5,28.0
P021,2023-09,Mass,Centre,340.3,32.55,20.08,35.02,105.61,303.28,0,351,3.05,3167,32.6,19.5
P022,2023-09,Mass,South,362.2,22.7,17.15,28.97,100.15,737.07,1,391,4.1,1894,55.6,20.3
P023,2023-09,Mass,North,205.7,27.27,14.55,25.42,100.25,881.47,1,431,3.96,3009,36.7,17.2
P024,2023-09,Premium,Centre,129.1,60.81,40.58,72.43,102.16,547.22,1,424,3.78,1862,45.9,23.3
P025,2023-09,Mass,Centre,322.1,30.29,16.94,29.5,102.63,385.06,0,389,2.44,2392,23.1,19.4
P026,2023-09,Mass,Centre,361.5,20.23,11.49,20.82,103.7,294.24,0,351,4.21,3013,46.3,20.2
P027,2023-09,Premium,South,117.1,82.77,46.37,82.39,96.9,844.21,1,595,3.84,2048,57.2,24.6
P028,2023-09,Mass,Centre,352.4,21.83,12.48,20.2,99.34,417.28,0,341,3.84,2204,58.1,22.6
P029,2023-09,Mass,Islands,441.7,18.1,12.47,24.58,98.99,815.84,1,290,2.86,3354,67.8,23.7
P030,2023-09,Mass,Centre,281.0,39.26,17.77,32.31,103.02,230.22,0,443,3.29,2949,51.4,18.4
P031,2023-09,Premium,North,182.9,93.6,55.19,97.61,102.06,756.87,1,465,1.98,2251,57.0,22.3
P032,2023-09,Discount,South,836.4,14.61,8.24,13.89,101.53,413.61,0,50,4.21,2796,41.5,18.2
P033,2023-09,Discount,Islands,498.6,10.77,6.21,11.63,98.91,403.59,0,231,3.98,2740,34.2,16.1
P034,2023-09,Mass,South,267.5,49.84,25.58,43.09,102.22,364.86,0,393,4.53,2505,59.8,18.6
P035,2023-09,Mass,Islands,315.2,40.79,25.46,43.28,104.85,402.06,0,349,4.29,2210,56.6,21.0
P036,2023-09,Discount,Centre,734.2,10.47,6.48,10.12,101.87,778.42,1,69,4.34,2128,33.3,17.6
P037,2023-09,Mass,Islands,233.0,43.01,21.97,41.18,98.32,608.89,1,370,4.03,2612,53.5,21.0
P038,2023-09,Mass,North,249.7,20.89,13.49,24.54,99.29,798.98,1,425,4.15,3052,0.0,22.4
P039,2023-09,Discount,North,836.9,14.37,8.86,14.08,102.08,425.92,0,50,2.79,2537,36.7,19.6
P040,2023-09,Mass,Islands,310.5,30.07,15.84,29.86,107.74,427.16,0,343,3.91,2673,54.2,18.5
P001,2023-10,Premium,Centre,68.0,85.68,51.1,87.45,98.93,403.85,0,540,4.06,1931,85.8,13.9
P002,2023-10,Mass,South,312.4,32.14,17.08,30.88,102.14,686.51,1,466,3.78,2223,57.4,12.9
P003,2023-10,Mass,Centre,237.9,23.0,12.55,23.61,99.73,393.46,0,402,3.44,2256,39.8,16.4
P004,2023-10,Mass,Centre,567.1,23.95,16.06,29.51,100.1,754.3,1,234,4.38,2696,71.8,13.3
P005,2023-10,Mass,North,482.2,33.68,25.43,46.5,101.89,719.43,1,266,4.7,1659,58.5,14.1
P006,2023-10,Discount,Centre,483.1,14.94,9.31,14.85,102.08,451.78,0,301,2.2,2784,0.2,18.2
P007,2023-10,Discount,North,514.2,17.24,9.96,18.24,106.34,446.67,0,260,3.5,1670,42.5,16.1
P008,2023-10,Premium,South,121.2,81.83,50.29,88.33,97.14,273.52,0,503,3.05,2241,31.0,14.8
P009,2023-10,Mass,Centre,296.8,24.2,11.81,23.53,102.18,291.5,0,352,3.66,3087,87.9,15.8
P010,2023-10,Mass,North,321.7,25.15,14.66,25.29,101.59,300.68,0,404,3.44,3118,52.6,14.9
P011,2023-10,Discount,South,460.0,9.01,5.09,9.55,102.01,310.34,0,279,4.07,2300,57.5,14.7
P012,2023-10,Discount,Centre,544.5,16.25,8.19,14.81,101.71,452.53,0,171,2.39,2930,32.6,15.2
P013,2023-10,Mass,Centre,544.6,29.63,19.1,33.24,98.47,781.88,1,209,3.96,3474,13.7,14.5
P014,2023-10,Discount,South,565.9,16.89,8.49,15.57,99.84,314.02,0,112,3.35,2188,26.9,9.8
P015,2023-10,Mass,South,213.0,42.34,21.72,37.5,104.38,356.36,0,454,3.1,2352,43.4,13.1
P016,2023-10,Discount,North,382.8,12.9,8.25,15.58,103.14,361.46,0,372,3.13,3456,58.2,14.4
P017,2023-10,Mass,North,225.9,33.51,22.08,38.87,100.74,764.7,1,486,2.65,4283,53.2,14.1
P018,2023-10,Mass,South,145.6,36.42,16.84,29.23,104.94,396.42,0,477,4.63,2417,41.8,11.0
P019,2023-10,Mass,Islands,375.9,21.19,13.58,23.95,101.02,851.03,1,291,3.05,2245,46.1,15.0
P020,2023-10,Premium,South,72.0,82.82,45.84,79.12,101.88,400.71,0,509,4.06,3818,22.1,12.8
P021,2023-10,Mass,Centre,309.4,38.24,19.78,35.36,101.37,235.71,0,405,3.37,2640,34.7,14.2
P022,2023-10,Mass,South,275.8,26.68,16.77,31.29,102.63,834.09,1,435,2.66,1919,51.9,11.6
P023,2023-10,Mass,North,186.0,25.02,15.11,27.31,104.83,343.37,0,531,3.97,2683,78.6,11.3
P024,2023-10,Premium,Centre,115.9,69.06,39.71,71.27,100.72,750.54,1,507,3.74,3141,87.9,15.4
P025,2023-10,Mass,Centre,621.0,25.29,16.7,28.16,102.07,789.4,1,110,4.76,2841,75.6,11.1
P026,2023-10,Mass,Centre,393.6,20.56,12.39,21.28,103.81,417.1,0,316,3.63,3286,53.8,15.5
P027,2023-10,Premium,South,65.0,106.81,48.18,90.59,103.5,296.48,0,491,3.9,2131,49.5,10.9
P028,2023-10,Mass,Centre,502.8,21.5,11.64,20.26,101.87,755.78,1,220,4.02,2366,91.7,12.5
P029,2023-10,Mass,Islands,271.0,23.79,12.34,23.87,105.65,374.06,0,380,3.99,1886,60.3,17.1
P030,2023-10,Mass,Centre,321.4,31.58,18.82,30.89,103.18,429.94,0,408,3.02,2169,37.6,10.8
P031,2023-10,Premium,North,113.7,103.21,55.72,99.29,102.89,446.05,0,528,4.7,2416,60.2,14.8
P032,2023-10,Discount,South,580.1,16.46,8.22,15.27,100.87,461.63,0,157,3.88,2404,39.5,15.9
P033,2023-10,Discount,Islands,430.4,11.11,5.7,11.07,95.9,382.6,0,335,4.56,3276,55.5,13.3
P034,2023-10,Mass,South,333.8,38.24,24.79,43.08,103.89,737.48,1,343,2.66,3106,44.6,14.7
P035,2023-10,Mass,Islands,345.9,41.04,23.7,42.29,98.91,320.63,0,290,3.31,2172,75.6,17.3
P036,2023-10,Discount,Centre,530.1,11.58,5.77,9.89,100.17,412.16,0,299,3.65,3146,45.5,10.5
P037,2023-10,Mass,Islands,181.8,38.08,24.0,40.46,101.39,497.89,0,453,3.06,2158,22.2,11.8
P038,2023-10,Mass,North,175.7,21.66,13.49,23.24,95.82,462.57,0,530,4.15,2951,50.6,15.8
P039,2023-10,Discount,North,663.6,16.46,9.07,14.05,101.31,341.15,0,124,4.49,1868,27.9,12.3
P040,2023-10,Mass,Islands,512.6,25.35,15.16,29.69,101.07,708.06,1,253,2.95,2485,49.1,14.3
P001,2023-11,Premium,Centre,80.6,97.15,50.83,92.03,101.02,463.46,0,553,4.33,1191,33.0,9.4
P002,2023-11,Mass,South,476.3,24.03,16.19,28.81,96.62,726.85,1,258,3.92,1501,93.3,9.0
P003,2023-11,Mass,Centre,299.5,21.59,12.35,23.24,101.84,636.13,1,401,4.48,2704,71.9,7.2
P004,2023-11,Mass,Centre,322.0,32.82,15.4,28.94,103.66,318.86,0,419,2.16,1482,68.8,10.1
P005,2023-11,Mass,North,311.8,42.65,24.24,42.86,100.78,382.25,0,392,4.09,2813,64.6,10.0
P006,2023-11,Discount,Centre,369.5,17.23,8.84,15.68,104.14,281.5,0,367,3.68,2839,64.0,8.7
P007,2023-11,Discount,North,657.1,15.75,8.96,16.52,99.09,308.16,0,136,3.18,3208,29.5,4.8
P008,2023-11,Premium,South,104.2,108.86,54.39,97.97,104.98,377.94,0,616,3.81,3058,55.4,7.3
P009,2023-11,Mass,Centre,515.7,19.98,11.56,21.33,99.25,887.25,1,245,3.17,2509,78.9,9.8
P010,2023-11,Mass,North,227.1,27.88,14.66,27.49,102.62,258.59,0,453,3.47,2141,43.8,7.1
P011,2023-11,Discount,South,252.5,12.14,5.09,9.74,105.72,312.13,0,479,4.8,2095,35.1,8.6
P012,2023-11,Discount,Centre,638.9,15.16,7.88,14.78,100.34,398.06,0,133,4.4,2407,20.3,1.0
P013,2023-11,Mass,Centre,394.4,33.97,19.04,33.67,99.84,347.74,0,264,3.29,2916,27.6,11.9
P014,2023-11,Discount,South,899.7,13.47,8.02,15.63,99.8,339.38,0,50,3.97,2459,73.3,5.0
P015,2023-11,Mass,South,254.3,35.67,22.26,36.76,103.08,311.81,0,385,3.61,3014,42.6,9.9
P016,2023-11,Discount,North,477.3,14.31,8.71,13.74,102.18,644.2,1,309,3.59,2805,54.1,12.2
P017,2023-11,Mass,North,230.6,36.72,21.68,38.27,102.68,745.82,1,446,3.76,3524,56.2,6.0
P018,2023-11,Mass,South,160.8,34.07,16.72,29.92,101.11,251.6,0,515,4.11,2621,51.4,12.1
P019,2023-11,Mass,Islands,231.4,27.63,13.32,25.62,104.23,415.18,0,432,3.73,2358,61.9,9.4
P020,2023-11,Premium,South,80.6,80.59,46.72,81.74,103.6,364.4,0,591,2.88,2313,67.8,10.3
P021,2023-11,Mass,Centre,266.1,36.44,19.21,34.61,100.81,262.42,0,342,3.93,2167,49.5,9.8
P022,2023-11,Mass,South,262.2,30.84,18.66,30.33,105.88,722.82,1,380,3.07,4142,43.0,7.9
P023,2023-11,Mass,North,157.7,28.29,15.09,28.28,105.21,601.18,0,507,2.19,2904,29.0,4.9
P024,2023-11,Premium,Centre,73.9,85.77,39.16,70.84,100.26,444.57,0,607,3.46,3024,24.4,8.7
P025,2023-11,Mass,Centre,404.5,25.88,16.76,30.49,103.54,440.54,0,330,3.47,1701,48.3,5.5
P026,2023-11,Mass,Centre,315.9,22.59,11.09,19.18,100.68,360.86,0,278,2.93,2152,43.9,8.8
P027,2023-11,Premium,South,107.9,80.27,49.74,87.88,104.6,791.53,1,526,3.52,1929,29.9,11.4
P028,2023-11,Mass,Centre,427.8,19.77,11.69,20.94,104.25,346.98,0,309,3.22,1330,51.2,7.7
P029,2023-11,Mass,Islands,370.4,22.61,13.68,23.33,107.01,673.49,1,358,4.85,1604,45.8,9.0
P030,2023-11,Mass,Centre,373.2,30.62,18.63,30.85,102.06,352.4,0,304,2.75,2859,77.3,6.4
P031,2023-11,Premium,North,135.3,99.53,55.43,99.63,103.73,314.81,0,545,4.0,3220,48.6,10.5
P032,2023-11,Discount,South,409.0,17.83,8.38,16.25,106.84,397.08,0,293,3.83,3012,47.4,7.8
P033,2023-11,Discount,Islands,437.8,11.01,6.11,8.01,103.95,471.91,0,299,4.79,2754,47.2,7.6
P034,2023-11,Mass,South,261.7,45.15,25.59,42.17,100.86,353.48,0,347,3.96,1506,40.9,11.5
P035,2023-11,Mass,Islands,279.0,47.91,25.34,45.15,107.03,375.19,0,424,3.58,3532,84.8,14.5
P036,2023-11,Discount,Centre,408.7,12.02,4.98,11.25,100.74,323.26,0,355,3.68,2736,50.0,5.9
P037,2023-11,Mass,Islands,159.1,43.23,22.84,39.41,99.48,350.51,0,462,4.53,3087,52.8,9.1
P038,2023-11,Mass,North,161.3,27.71,14.24,25.93,102.56,329.34,0,466,3.77,2171,53.8,6.5
P039,2023-11,Discount,North,695.2,15.45,7.73,15.0,104.05,276.32,0,145,3.25,2577,45.8,9.8
P040,2023-11,Mass,Islands,325.5,25.37,14.97,26.76,102.09,399.31,0,408,3.3,1701,35.2,6.6
P001,2023-12,Premium,Centre,85.1,87.29,53.55,94.84,105.38,379.92,0,532,4.56,2859,66.6,3.8
P002,2023-12,Mass,South,265.3,31.61,18.92,33.07,106.73,413.68,0,424,2.63,3730,80.2,5.8
P003,2023-12,Mass,Centre,485.5,19.86,12.64,22.65,101.74,767.62,1,272,4.12,3182,81.1,6.7
P004,2023-12,Mass,Centre,535.9,25.03,16.76,28.79,98.98,580.11,1,238,3.75,2293,54.3,2.4
P005,2023-12,Mass,North,250.8,48.51,24.89,44.64,102.6,333.39,0,368,3.94,2987,72.0,6.2
P006,2023-12,Discount,Centre,961.1,12.02,9.61,14.77,104.61,760.16,1,50,4.2,3101,55.8,-0.4
P007,2023-12,Discount,North,503.0,18.6,9.85,16.67,97.98,317.75,0,295,3.5,2976,42.2,2.5
P008,2023-12,Premium,South,159.3,85.17,54.6,94.6,104.86,736.86,1,450,4.61,1875,16.7,3.2
P009,2023-12,Mass,Centre,359.4,22.35,12.91,21.41,100.67,349.43,0,355,3.28,3166,95.7,0.9
P010,2023-12,Mass,North,441.0,22.52,14.47,26.71,99.16,818.32,1,258,3.5,1894,25.9,1.9
P011,2023-12,Discount,South,367.8,10.33,4.52,7.8,99.67,253.51,0,360,3.68,1492,33.7,5.1
P012,2023-12,Discount,Centre,462.7,17.57,8.13,12.95,106.29,362.23,0,316,3.32,3995,75.4,5.2
P013,2023-12,Mass,Centre,685.0,27.12,19.5,34.65,102.64,556.31,1,92,3.73,2597,53.0,1.0
P014,2023-12,Discount,South,738.3,14.69,8.51,13.01,98.36,321.55,0,77,3.81,1764,45.5,5.1
P015,2023-12,Mass,South,354.9,34.69,22.1,34.53,105.36,660.03,1,357,4.44,2219,35.5,3.0
P016,2023-12,Discount,North,559.9,12.92,7.13,11.62,100.61,564.2,1,227,5.0,3619,67.8,6.2
P017,2023-12,Mass,North,139.0,42.0,22.22,40.06,103.26,323.91,0,448,4.44,3631,44.7,3.1
P018,2023-12,Mass,South,250.4,26.47,16.93,29.79,100.16,655.83,1,364,2.99,2747,57.6,-1.1
P019,2023-12,Mass,Islands,229.8,22.2,13.91,24.09,98.36,155.75,0,383,3.78,3367,49.3,4.6
P020,2023-12,Premium,South,85.4,69.67,46.29,80.62,102.93,254.7,0,522,3.61,2006,62.1,4.1
P021,2023-12,Mass,Centre,425.8,34.08,19.91,32.56,100.38,670.37,1,368,3.91,2205,11.7,6.5
P022,2023-12,Mass,South,182.5,31.63,17.82,31.0,101.31,201.0,0,542,4.52,3215,53.7,0.8
P023,2023-12,Mass,North,202.4,28.65,14.43,26.57,105.31,396.75,0,454,4.52,2314,27.9,5.5
P024,2023-12,Premium,Centre,83.0,67.67,37.82,68.2,96.87,402.38,0,559,4.41,2252,33.0,8.2
P025,2023-12,Mass,Centre,376.0,32.64,15.1,29.12,100.24,706.88,1,255,2.74,2945,84.8,4.3
P026,2023-12,Mass,Centre,423.2,20.12,11.01,21.54,100.71,323.35,0,362,4.18,3923,47.2,8.7
P027,2023-12,Premium,South,67.7,107.11,50.39,90.38,105.51,145.6,0,565,2.74,2670,27.1,1.9
P028,2023-12,Mass,Centre,394.0,18.93,11.54,20.52,101.83,400.04,0,333,4.18,3071,66.4,-0.2
P029,2023-12,Mass,Islands,349.3,21.96,10.96,20.12,98.31,791.15,1,329,4.11,2599,50.3,2.8
P030,2023-12,Mass,Centre,312.6,31.85,17.26,32.73,104.42,298.15,0,394,3.78,2670,9.0,7.7
P031,2023-12,Premium,North,174.5,95.0,55.93,99.49,103.63,688.41,1,458,2.93,2793,39.4,4.0
P032,2023-12,Discount,South,428.4,18.16,8.91,15.3,101.14,377.6,0,284,4.77,2271,31.6,3.2
P033,2023-12,Discount,Islands,438.7,12.99,5.24,11.01,103.27,350.45,0,223,3.64,2204,100.0,3.6
P034,2023-12,Mass,South,207.5,51.52,24.63,43.86,104.13,438.37,0,393,2.57,2011,42.0,4.7
P035,2023-12,Mass,Islands,338.8,40.3,22.15,40.92,96.62,490.11,0,365,4.17,2261,33.9,-0.9
P036,2023-12,Discount,Centre,564.9,10.94,5.87,9.69,97.98,446.25,0,161,3.76,2304,54.0,1.5
P037,2023-12,Mass,Islands,165.1,43.04,23.22,41.66,102.4,378.19,0,452,4.04,2543,15.1,7.9
P038,2023-12,Mass,North,165.3,26.63,13.19,26.28,104.01,361.86,0,467,4.07,1813,73.1,3.3
P039,2023-12,Discount,North,578.9,16.67,8.52,16.15,103.6,383.26,0,221,4.19,2541,64.7,1.7
P040,2023-12,Mass,Islands,420.1,23.3,14.03,26.95,99.02,402.63,0,304,4.9,3450,21.9,6.7
P001,2024-01,Premium,Centre,77.9,96.29,52.3,93.46,102.99,384.31,0,577,4.04,1639,58.4,0.3
P002,2024-01,Mass,South,333.0,31.62,17.39,31.57,103.47,576.46,1,381,3.7,2609,49.8,4.3
P003,2024-01,Mass,Centre,246.6,22.75,12.51,21.11,98.59,267.92,0,455,4.86,2995,41.8,1.1
P004,2024-01,Mass,Centre,337.5,31.14,15.59,26.66,95.23,362.26,0,349,4.36,3054,16.3,3.5
P005,2024-01,Mass,North,474.9,37.45,24.31,41.46,99.84,748.05,1,348,2.82,2869,32.9,1.1
P006,2024-01,Discount,Centre,478.7,16.64,8.83,13.93,100.22,566.01,0,211,3.76,2870,30.5,4.5
P007,2024-01,Discount,North,850.0,15.92,8.84,17.87,100.05,351.74,0,50,4.2,1427,80.8,-1.4
P008,2024-01,Premium,South,121.7,83.35,52.11,92.13,100.76,335.91,0,504,2.8,3113,55.0,0.0
P009,2024-01,Mass,Centre,346.0,27.23,13.81,20.81,102.95,299.23,0,372,3.22,2904,25.0,5.1
P010,2024-01,Mass,North,313.2,27.63,14.46,24.99,98.58,280.35,0,396,3.5,2902,43.6,2.0
P011,2024-01,Discount,South,490.6,9.67,4.77,9.58,102.71,481.8,0,297,4.47,2445,55.9,6.0
P012,2024-01,Discount,Centre,647.2,16.51,8.63,13.4,96.77,416.22,0,179,3.46,2804,66.5,6.1
P013,2024-01,Mass,Centre,451.6,33.69,18.76,33.74,100.48,387.65,0,340,3.61,1962,64.1,3.0
P014,2024-01,Discount,South,730.7,15.58,8.52,11.81,99.61,344.28,0,50,3.29,1793,45.5,-2.3
P015,2024-01,Mass,South,229.0,40.58,20.44,34.6,98.55,296.02,0,482,3.02,2503,47.9,3.4
P016,2024-01,Discount,North,432.3,12.79,7.82,12.53,100.26,355.39,0,341,3.84,2746,48.9,1.9
P017,2024-01,Mass,North,319.8,32.71,20.36,39.55,99.77,743.07,1,376,2.91,2852,36.2,3.4
P018,2024-01,Mass,South,178.6,30.84,17.21,28.64,98.22,205.84,0,554,3.47,2857,70.0,0.1
P019,2024-01,Mass,Islands,335.7,21.31,12.29,24.1,97.62,432.97,0,349,3.39,2397,35.2,-0.4
P020,2024-01,Premium,South,69.0,97.65,44.73,77.83,100.87,272.27,0,592,2.21,1647,49.3,3.4
P021,2024-01,Mass,Centre,688.6,26.83,18.33,32.66,102.4,691.08,1,64,4.42,1916,35.3,5.1
P022,2024-01,Mass,South,258.2,29.18,16.85,30.94,98.79,843.64,1,425,3.8,2086,67.6,5.0
P023,2024-01,Mass,North,315.1,21.92,13.23,21.56,98.91,770.63,1,320,4.56,2338,34.4,0.7
P024,2024-01,Premium,Centre,118.7,57.14,38.4,69.1,97.63,732.7,1,547,3.97,3163,44.5,0.4
P025,2024-01,Mass,Centre,496.0,26.24,15.76,28.35,100.41,369.31,0,204,4.14,3289,19.0,0.3
P026,2024-01,Mass,Centre,443.4,20.48,11.7,20.23,100.74,431.15,0,248,3.79,2875,75.8,3.8
P027,2024-01,Premium,South,85.7,78.06,46.81,84.59,98.83,451.73,0,638,4.57,3456,65.0,2.2
P028,2024-01,Mass,Centre,444.1,20.84,10.7,18.25,97.1,311.04,0,309,3.26,3213,37.7,1.7
P029,2024-01,Mass,Islands,428.9,21.89,11.98,22.15,98.06,690.66,1,295,4.12,2657,22.8,-0.4
P030,2024-01,Mass,Centre,658.6,25.59,16.94,29.49,103.38,869.87,1,143,3.38,1929,13.7,2.6
P031,2024-01,Premium,North,183.2,97.47,52.62,93.93,96.62,741.04,1,454,4.14,2838,52.4,-1.9
P032,2024-01,Discount,South,1129.2,14.44,7.49,12.79,98.51,695.55,1,50,5.0,2200,55.9,-2.5
P033,2024-01,Discount,Islands,488.3,11.54,6.12,8.0,98.44,451.72,0,295,3.7,3611,66.4,3.3
P034,2024-01,Mass,South,273.0,46.7,25.87,42.2,104.81,402.91,0,415,3.48,1923,63.1,2.1
P035,2024-01,Mass,Islands,359.0,43.17,24.75,42.91,100.28,316.24,0,353,3.86,2637,59.5,4.8
P036,2024-01,Discount,Centre,647.8,9.99,5.6,7.34,97.88,196.64,0,186,3.25,3258,61.6,1.0
P037,2024-01,Mass,Islands,335.3,35.03,21.51,37.72,97.0,889.62,1,374,4.8,1972,38.5,1.9
P038,2024-01,Mass,North,183.4,24.96,14.19,23.11,101.46,456.13,0,427,3.9,2744,58.7,3.4
P039,2024-01,Discount,North,942.5,14.05,8.56,15.95,103.79,345.59,0,50,4.99,3341,57.0,4.1
P040,2024-01,Mass,Islands,466.4,22.14,15.45,25.91,99.8,380.64,0,284,4.14,2235,8.1,-0.9
P001,2024-02,Premium,Centre,73.3,87.27,51.35,91.27,100.02,333.34,0,514,2.43,2023,33.8,5.6
P002,2024-02,Mass,South,391.3,29.42,16.82,32.55,104.06,796.81,1,310,4.29,2660,70.5,5.3
P003,2024-02,Mass,Centre,311.2,24.36,12.27,23.79,99.22,426.97,0,321,4.46,2862,56.7,5.7
P004,2024-02,Mass,Centre,514.1,30.05,16.85,29.12,104.94,666.55,1,168,3.98,2801,30.1,8.6
P005,2024-02,Mass,North,488.6,40.5,24.37,41.64,98.05,645.22,1,244,4.6,3837,69.4,-0.2
P006,2024-02,Discount,Centre,365.8,19.44,10.08,13.61,105.89,344.05,0,345,3.14,2820,84.8,1.9
P007,2024-02,Discount,North,462.0,18.38,10.39,17.2,100.74,384.11,0,222,4.6,3249,54.9,5.4
P008,2024-02,Premium,South,123.9,83.18,50.03,89.17,97.32,313.45,0,480,3.64,536,82.3,3.7
P009,2024-02,Mass,Centre,484.3,25.38,11.38,20.86,101.95,783.19,1,200,3.85,1818,65.1,3.8
P010,2024-02,Mass,North,443.5,28.2,15.55,26.35,100.86,806.14,1,309,3.37,3487,38.6,5.8
P011,2024-02,Discount,South,460.8,9.6,6.87,8.56,104.09,349.84,0,297,3.82,2015,60.9,0.8
P012,2024-02,Discount,Centre,923.6,13.82,7.11,16.22,99.86,224.47,0,50,4.38,1813,22.1,1.5
P013,2024-02,Mass,Centre,459.3,34.65,19.92,34.35,100.44,340.84,0,251,3.92,2939,56.7,2.1
P014,2024-02,Discount,South,1161.8,13.77,8.05,14.55,101.9,820.84,1,50,4.36,2075,28.1,5.3
P015,2024-02,Mass,South,283.0,41.93,20.26,35.86,99.52,427.32,0,421,5.0,2956,62.0,2.2
P016,2024-02,Discount,North,402.5,14.1,7.88,14.01,100.72,415.46,0,292,4.03,1297,24.6,3.6
P017,2024-02,Mass,North,193.8,39.61,22.09,39.37,102.26,402.84,0,437,4.33,1904,86.1,6.8
P018,2024-02,Mass,South,316.5,26.28,17.76,30.32,104.19,738.14,1,350,3.86,2891,47.3,5.7
P019,2024-02,Mass,Islands,317.0,25.72,13.53,22.77,99.95,692.54,1,337,4.46,3176,67.0,2.8
P020,2024-02,Premium,South,111.5,77.48,46.14,81.2,103.38,669.25,1,516,3.51,2825,45.7,4.3
P021,2024-02,Mass,Centre,394.4,34.08,18.64,33.53,102.12,419.37,0,290,2.7,2764,3.0,2.6
P022,2024-02,Mass,South,225.4,29.94,16.63,26.74,97.68,207.15,0,469,3.82,1857,54.9,3.3
P023,2024-02,Mass,North,193.1,28.12,15.02,25.15,102.33,337.56,0,473,3.82,2171,35.3,-1.4
P024,2024-02,Premium,Centre,72.8,67.33,37.37,67.43,95.45,364.07,0,626,3.39,2414,34.6,2.3
P025,2024-02,Mass,Centre,596.2,23.92,15.73,29.94,97.31,308.4,0,262,3.47,1882,63.3,2.8
P026,2024-02,Mass,Centre,402.8,21.96,10.16,20.25,98.35,410.81,0,368,3.84,1321,69.1,3.7
P027,2024-02,Premium,South,98.2,82.21,46.32,79.15,96.99,276.87,0,591,2.35,3040,27.4,2.8
P028,2024-02,Mass,Centre,673.8,18.31,10.39,22.46,97.19,822.49,1,133,3.4,2470,31.5,3.8
P029,2024-02,Mass,Islands,330.8,21.29,12.11,21.99,97.63,243.42,0,405,3.9,2461,30.5,0.8
P030,2024-02,Mass,Centre,368.3,32.89,16.82,28.37,96.81,308.25,0,300,3.74,2122,59.6,0.5
P031,2024-02,Premium,North,153.6,94.02,56.22,99.42,103.38,389.73,0,464,4.05,1355,43.2,2.2
P032,2024-02,Discount,South,920.5,14.45,7.39,15.33,97.36,433.9,0,50,4.4,2788,9.9,0.3
P033,2024-02,Discount,Islands,444.9,12.03,6.72,12.05,101.8,316.47,0,340,3.84,3505,59.6,-0.0
P034,2024-02,Mass,South,487.1,36.91,24.23,42.07,100.65,724.51,1,291,3.0,2175,53.9,8.0
P035,2024-02,Mass,Islands,307.9,53.18,23.42,42.56,98.66,415.31,0,395,3.1,3806,56.8,0.5
P036,2024-02,Discount,Centre,602.5,10.7,5.85,11.32,99.62,264.53,0,218,4.06,2191,70.3,-1.6
P037,2024-02,Mass,Islands,299.4,36.71,22.72,41.0,104.4,909.21,1,230,4.8,1177,51.1,0.5
P038,2024-02,Mass,North,227.1,21.91,12.54,21.85,96.26,345.58,0,438,4.07,1617,32.4,2.0
P039,2024-02,Discount,North,864.0,15.38,7.73,15.97,101.95,316.17,0,50,4.51,2147,64.1,1.8
P040,2024-02,Mass,Islands,307.5,29.64,15.29,26.23,100.95,374.48,0,426,2.86,3663,47.5,3.1
P001,2024-03,Premium,Centre,82.1,93.78,52.23,91.2,103.32,452.35,0,516,4.0,2821,42.5,10.3
P002,2024-03,Mass,South,274.7,37.4,17.36,30.49,104.93,512.04,0,404,2.89,1980,52.9,7.1
P003,2024-03,Mass,Centre,286.1,21.81,11.18,21.94,100.65,265.61,0,377,3.25,2149,88.6,6.3
P004,2024-03,Mass,Centre,441.1,27.53,16.43,28.33,100.66,341.48,0,325,2.97,3054,36.7,7.6
P005,2024-03,Mass,North,282.8,57.51,24.7,41.24,102.97,277.25,0,379,4.84,2119,32.5,9.3
P006,2024-03,Discount,Centre,640.2,15.51,9.0,16.32,98.9,727.69,1,244,3.25,2493,61.7,4.3
P007,2024-03,Discount,North,569.6,18.29,9.82,16.13,104.22,174.61,0,152,3.93,2260,37.4,11.3
P008,2024-03,Premium,South,141.5,103.28,53.38,94.28,103.01,449.33,0,478,3.07,2465,41.7,10.3
P009,2024-03,Mass,Centre,359.5,25.35,12.28,21.43,99.66,294.37,0,386,4.36,2925,83.6,9.6
P010,2024-03,Mass,North,262.3,29.46,14.48,26.18,101.68,287.88,0,406,2.35,3021,62.2,8.0
P011,2024-03,Discount,South,376.2,11.17,6.54,9.6,99.08,459.29,0,366,2.96,3055,46.5,12.3
P012,2024-03,Discount,Centre,647.3,15.58,8.4,13.42,100.37,483.33,0,169,4.87,1387,37.7,10.8
P013,2024-03,Mass,Centre,600.1,29.17,18.02,33.91,96.95,386.19,0,169,3.66,2179,56.8,8.1
P014,2024-03,Discount,South,909.2,14.92,7.68,15.85,100.18,320.28,0,50,4.61,2812,40.3,12.5
P015,2024-03,Mass,South,239.6,37.31,21.51,33.73,99.64,333.31,0,414,4.35,3267,41.2,9.2
P016,2024-03,Discount,North,524.8,14.27,7.48,15.28,103.89,503.31,0,239,5.0,1642,20.7,8.8
P017,2024-03,Mass,North,275.3,36.01,22.07,38.02,99.83,857.43,1,355,3.28,2618,57.7,7.8
P018,2024-03,Mass,South,166.0,35.04,17.97,31.09,102.48,364.05,0,450,3.92,1836,56.1,10.4
P019,2024-03,Mass,Islands,486.9,21.18,14.09,25.37,104.82,540.63,1,281,3.93,2460,61.3,6.3
P020,2024-03,Premium,South,106.1,80.44,47.1,83.63,104.56,714.97,1,517,3.65,1529,61.0,9.6
P021,2024-03,Mass,Centre,293.7,40.42,18.97,32.15,101.6,259.32,0,368,3.24,2920,78.5,11.9
P022,2024-03,Mass,South,259.4,31.26,16.66,28.94,97.97,713.91,1,416,3.98,3032,59.3,8.4
P023,2024-03,Mass,North,192.4,26.01,13.59,26.05,99.6,313.98,0,494,2.46,3504,19.5,11.3
P024,2024-03,Premium,Centre,131.7,59.9,38.69,66.69,95.25,957.92,1,522,2.38,3438,31.4,10.9
P025,2024-03,Mass,Centre,468.5,29.94,16.29,25.75,95.89,444.1,0,233,4.23,2177,38.6,8.7
P026,2024-03,Mass,Centre,441.3,20.56,11.29,21.19,99.57,362.51,0,321,3.8,2620,61.6,8.1
P027,2024-03,Premium,South,81.1,91.0,45.91,81.87,96.5,267.21,0,460,3.45,1978,26.5,7.2
P028,2024-03,Mass,Centre,403.6,23.35,10.47,19.63,102.25,437.68,0,349,3.61,2797,72.5,4.8
P029,2024-03,Mass,Islands,525.5,21.25,13.29,23.93,102.44,817.1,1,144,4.3,2063,60.1,6.4
P030,2024-03,Mass,Centre,433.8,30.39,16.48,29.71,97.78,287.88,0,352,3.05,2162,64.2,7.1
P031,2024-03,Premium,North,162.0,94.6,59.03,104.19,107.81,735.55,1,552,4.16,2066,36.4,10.7
P032,2024-03,Discount,South,961.7,14.04,8.51,14.66,102.67,385.55,0,50,3.42,2311,72.1,9.5
P033,2024-03,Discount,Islands,1096.0,9.25,6.58,11.8,103.12,707.19,1,50,4.38,1661,52.7,9.0
P034,2024-03,Mass,South,298.0,44.21,26.36,42.77,104.54,279.03,0,337,4.51,2452,61.3,5.2
P035,2024-03,Mass,Islands,327.6,49.4,23.71,43.0,102.15,398.15,0,319,3.47,2815,6.1,10.1
P036,2024-03,Discount,Centre,800.9,10.09,5.57,10.95,98.34,320.86,0,50,3.53,3277,26.6,6.2
P037,2024-03,Mass,Islands,212.4,40.03,23.5,41.72,103.29,391.93,0,462,2.57,2229,59.4,7.9
P038,2024-03,Mass,North,237.7,21.43,12.18,23.64,98.08,325.26,0,408,3.89,2312,82.8,4.3
P039,2024-03,Discount,North,1014.6,14.54,8.13,15.17,98.62,448.7,0,50,4.52,1813,60.4,12.9
P040,2024-03,Mass,Islands,604.8,23.55,16.77,27.3,103.72,694.79,1,158,4.55,2519,69.3,4.6
P001,2024-04,Premium,Centre,88.6,88.24,53.67,93.69,104.18,357.33,0,490,3.75,2158,24.2,16.6
P002,2024-04,Mass,South,548.3,24.91,16.65,31.2,103.93,739.39,1,216,3.36,1671,29.2,15.8
P003,2024-04,Mass,Centre,298.9,21.67,13.44,20.26,97.2,398.85,0,365,2.57,3050,44.2,14.0
P004,2024-04,Mass,Centre,674.5,24.39,16.19,27.91,101.69,779.5,1,196,3.8,3040,56.2,13.4
P005,2024-04,Mass,North,550.2,38.0,25.98,45.09,105.22,778.89,1,187,4.03,2189,54.2,15.8
P006,2024-04,Discount,Centre,1050.3,14.11,8.49,15.15,99.44,909.6,1,50,2.82,2417,73.0,14.3
P007,2024-04,Discount,North,887.4,15.22,10.0,17.12,99.47,417.4,0,50,3.3,3533,51.9,14.1
P008,2024-04,Premium,South,157.8,88.88,54.7,98.29,105.48,688.43,1,502,3.6,1892,40.7,13.5
P009,2024-04,Mass,Centre,389.6,21.81,11.67,18.86,96.9,440.9,0,355,3.11,2828,44.0,18.7
P010,2024-04,Mass,North,289.0,27.82,15.16,26.88,99.7,380.97,0,389,4.65,3543,24.2,12.2
P011,2024-04,Discount,South,1049.5,7.58,5.37,11.35,102.54,841.79,1,50,4.03,2951,62.9,6.8
P012,2024-04,Discount,Centre,696.6,15.7,7.11,14.6,102.04,196.2,0,200,4.99,1632,38.6,10.6
P013,2024-04,Mass,Centre,691.8,29.04,19.73,34.82,100.2,620.54,1,122,4.21,3062,64.7,16.5
P014,2024-04,Discount,South,1092.5,12.56,7.9,15.67,102.99,203.6,0,50,4.5,1452,43.6,15.8
P015,2024-04,Mass,South,517.7,33.85,20.3,35.22,101.56,862.96,1,248,2.68,3655,17.0,14.3
P016,2024-04,Discount,North,428.3,14.99,8.81,16.04,105.17,493.57,0,353,4.35,2248,61.9,17.2
P017,2024-04,Mass,North,148.3,44.26,22.84,41.04,103.04,390.9,0,542,3.69,2506,53.1,15.6
P018,2024-04,Mass,South,332.6,26.78,15.94,29.2,97.49,867.91,1,384,3.75,2607,51.4,13.9
P019,2024-04,Mass,Islands,318.7,22.77,14.23,23.46,99.25,381.37,0,328,3.56,2791,33.4,15.3
P020,2024-04,Premium,South,88.5,74.55,43.29,75.81,96.12,313.57,0,598,3.48,2274,65.8,17.7
P021,2024-04,Mass,Centre,400.9,34.82,18.99,31.71,100.01,368.0,0,328,3.06,1640,40.8,17.1
P022,2024-04,Mass,South,217.0,27.68,17.06,27.79,97.57,257.33,0,381,3.82,2600,46.4,9.1
P023,2024-04,Mass,North,282.4,26.61,13.7,25.71,100.1,774.5,1,414,3.91,2376,60.0,14.6
P024,2024-04,Premium,Centre,125.9,70.68,40.19,72.07,102.26,804.67,1,552,3.78,1996,63.2,14.5
P025,2024-04,Mass,Centre,467.4,27.01,16.21,28.67,100.38,423.85,0,301,4.26,2805,53.0,17.5
P026,2024-04,Mass,Centre,451.9,21.17,12.59,22.08,102.31,347.55,0,221,3.15,2450,25.2,12.3
P027,2024-04,Premium,South,118.3,68.46,48.67,87.21,101.79,807.04,1,449,3.87,1912,62.3,10.3
P028,2024-04,Mass,Centre,411.0,22.93,11.72,18.74,100.75,337.15,0,258,4.38,2898,49.3,15.3
P029,2024-04,Mass,Islands,344.7,22.05,12.1,23.04,100.83,223.93,0,292,3.85,1810,8.5,14.7
P030,2024-04,Mass,Centre,451.6,30.44,17.33,31.91,101.48,270.53,0,194,2.57,3014,47.1,10.7
P031,2024-04,Premium,North,113.2,93.42,53.87,94.81,99.7,206.11,0,493,4.18,2133,3.2,10.4
P032,2024-04,Discount,South,936.2,14.11,7.75,14.42,101.15,549.59,0,50,4.37,3567,43.7,12.5
P033,2024-04,Discount,Islands,1020.0,10.19,6.34,11.47,99.56,620.31,1,50,4.69,2425,38.5,15.3
P034,2024-04,Mass,South,434.4,44.54,23.09,42.88,99.21,685.7,1,296,3.34,2762,52.3,12.0
P035,2024-04,Mass,Islands,333.4,48.96,23.95,45.01,103.11,293.73,0,359,2.61,2619,62.7,16.7
P036,2024-04,Discount,Centre,435.6,12.97,6.33,11.57,100.65,367.97,0,223,4.07,1763,45.6,13.8
P037,2024-04,Mass,Islands,315.6,40.96,23.77,41.56,104.28,800.72,1,379,4.12,2189,26.7,15.9
P038,2024-04,Mass,North,296.1,22.37,14.02,23.65,101.39,632.86,1,395,2.41,4317,70.2,17.5
P039,2024-04,Discount,North,1112.5,13.75,7.84,14.2,100.45,541.57,0,50,3.9,2768,66.0,8.5
P040,2024-04,Mass,Islands,468.6,25.97,15.06,26.69,100.26,372.72,0,216,2.46,2276,33.8,11.0
P001,2024-05,Premium,Centre,89.4,85.79,52.45,89.44,101.3,306.08,0,538,3.95,2486,48.6,16.9
P002,2024-05,Mass,South,323.3,27.78,17.6,28.22,103.75,403.53,0,423,4.88,3102,62.1,16.8
P003,2024-05,Mass,Centre,324.0,20.5,12.96,22.04,97.97,309.28,0,421,3.98,3729,50.2,20.8
P004,2024-05,Mass,Centre,455.8,27.26,14.43,28.43,98.87,356.78,0,318,3.67,3128,39.7,17.3
P005,2024-05,Mass,North,671.3,34.84,24.8,43.77,101.74,723.45,1,149,3.54,2079,69.4,20.3
P006,2024-05,Discount,Centre,430.1,16.57,9.4,11.73,98.37,262.71,0,277,2.85,2540,25.4,21.0
P007,2024-05,Discount,North,809.4,15.75,9.83,15.33,101.88,340.93,0,78,4.95,2943,77.1,17.7
P008,2024-05,Premium,South,193.1,85.92,51.29,91.68,98.84,874.97,1,450,3.69,3058,32.9,21.7
P009,2024-05,Mass,Centre,644.7,19.2,12.88,23.89,102.54,803.76,1,135,4.07,2196,45.7,21.6
P010,2024-05,Mass,North,257.9,27.5,14.78,27.69,101.18,233.7,0,446,3.45,1864,72.8,17.8
P011,2024-05,Discount,South,310.8,12.01,6.49,11.08,104.22,340.78,0,327,3.69,2965,72.8,22.4
P012,2024-05,Discount,Centre,648.0,16.15,7.65,13.56,100.05,338.44,0,135,3.09,2191,74.9,16.0
P013,2024-05,Mass,Centre,529.7,29.91,20.17,33.92,100.71,429.52,0,265,3.34,2470,24.4,21.1
P014,2024-05,Discount,South,725.5,18.58,8.09,17.17,103.15,322.48,0,86,3.99,1960,42.3,16.4
P015,2024-05,Mass,South,307.6,35.93,20.77,34.37,99.06,362.95,0,427,3.22,2252,38.0,23.5
P016,2024-05,Discount,North,525.1,13.44,6.97,12.91,99.5,374.08,0,295,4.36,3240,56.5,18.3
P017,2024-05,Mass,North,172.4,40.76,21.29,38.12,100.5,309.81,0,519,3.04,2475,83.8,17.3
P018,2024-05,Mass,South,327.3,26.94,16.29,29.48,98.57,841.61,1,371,2.87,1590,81.4,18.3
P019,2024-05,Mass,Islands,279.8,24.43,13.57,23.81,101.95,335.42,0,464,4.39,4057,17.1,25.4
P020,2024-05,Premium,South,104.7,78.79,45.62,79.56,101.99,789.92,1,492,3.12,2176,28.6,17.8
P021,2024-05,Mass,Centre,383.5,30.73,19.76,33.59,103.57,340.66,0,333,4.06,1988,23.4,17.9
P022,2024-05,Mass,South,190.5,32.82,18.01,31.16,103.22,405.37,0,456,3.68,2756,40.6,19.4
P023,2024-05,Mass,North,322.5,23.37,14.93,24.66,101.29,681.74,1,333,3.28,3492,57.4,17.7
P024,2024-05,Premium,Centre,87.4,67.21,41.31,73.06,102.79,236.11,0,520,2.7,1453,41.2,20.2
P025,2024-05,Mass,Centre,646.4,26.98,16.32,28.35,100.04,799.13,1,147,4.28,2637,50.2,19.2
P026,2024-05,Mass,Centre,407.3,22.73,10.88,19.54,101.9,315.82,0,343,4.79,1219,31.2,22.6
P027,2024-05,Premium,South,77.4,107.59,48.44,86.65,100.5,340.29,0,689,4.03,2517,81.2,22.7
P028,2024-05,Mass,Centre,477.2,18.63,11.84,19.35,101.07,417.69,0,203,3.72,1974,19.9,20.0
P029,2024-05,Mass,Islands,400.0,19.52,12.38,23.49,98.69,230.54,0,339,3.87,2855,70.0,21.1
P030,2024-05,Mass,Centre,429.6,34.01,17.72,30.01,101.86,255.78,0,227,4.34,2694,42.6,24.0
P031,2024-05,Premium,North,122.9,111.62,56.48,98.84,103.33,242.89,0,516,3.51,3071,42.0,16.7
P032,2024-05,Discount,South,700.5,14.85,8.29,12.33,97.52,279.35,0,116,3.78,1691,59.6,17.0
P033,2024-05,Discount,Islands,724.8,9.35,6.28,10.62,96.05,185.12,0,55,3.5,2443,63.1,17.2
P034,2024-05,Mass,South,599.3,36.3,24.19,45.47,100.67,756.67,1,147,3.16,2380,28.8,21.9
P035,2024-05,Mass,Islands,504.9,43.02,23.54,41.08,98.26,778.73,1,227,3.88,2635,42.8,19.7
P036,2024-05,Discount,Centre,537.1,11.08,6.32,13.37,99.29,373.58,0,263,4.22,1583,27.2,16.5
P037,2024-05,Mass,Islands,227.8,36.44,22.26,40.93,100.3,274.84,0,476,3.42,2848,81.8,14.5
P038,2024-05,Mass,North,301.6,25.04,14.69,24.96,107.41,867.39,1,390,4.28,2274,35.8,15.4
P039,2024-05,Discount,North,1273.7,13.13,8.98,17.07,100.27,326.91,0,50,5.0,3289,63.0,21.2
P040,2024-05,Mass,Islands,350.3,26.74,15.54,26.78,101.68,413.91,0,391,3.19,1963,58.1,19.1
P001,2024-06,Premium,Centre,101.9,84.88,48.27,86.7,94.76,821.8,1,507,4.06,3116,44.8,26.2
P002,2024-06,Mass,South,467.9,30.96,17.33,29.75,105.99,880.93,1,258,3.61,1750,35.9,24.4
P003,2024-06,Mass,Centre,455.3,20.79,13.43,21.0,100.91,784.22,1,234,2.88,3053,71.7,22.8
P004,2024-06,Mass,Centre,626.1,26.13,16.09,27.92,98.34,662.42,1,132,3.63,2535,37.5,21.6
P005,2024-06,Mass,North,337.7,47.36,23.73,44.15,99.57,241.02,0,404,3.14,1887,45.2,26.1
P006,2024-06,Discount,Centre,752.6,13.85,8.04,14.75,96.8,767.67,1,119,5.0,2810,37.6,26.9
P007,2024-06,Discount,North,531.0,19.11,9.05,15.63,96.96,319.28,0,195,4.07,3892,63.9,20.8
P008,2024-06,Premium,South,135.6,92.31,49.95,88.01,97.3,364.84,0,507,3.61,3390,38.5,25.7
P009,2024-06,Mass,Centre,451.0,22.58,13.11,21.13,100.7,406.86,0,343,3.66,2879,37.8,26.7
P010,2024-06,Mass,North,401.3,24.82,13.71,21.98,93.83,808.52,1,345,3.9,2998,62.2,26.5
P011,2024-06,Discount,South,736.0,8.68,5.16,8.41,94.69,684.95,1,63,4.22,2258,51.7,27.7
P012,2024-06,Discount,Centre,1073.2,12.23,6.9,12.69,97.31,284.82,0,50,5.0,2032,33.8,21.4
P013,2024-06,Mass,Centre,417.2,37.54,18.7,31.35,98.32,391.56,0,321,4.54,2664,63.5,20.9
P014,2024-06,Discount,South,950.2,13.84,8.47,14.68,101.87,283.81,0,50,4.29,2405,34.0,23.4
P015,2024-06,Mass,South,287.5,36.39,19.74,34.26,95.55,349.47,0,353,2.79,2339,33.4,23.2
P016,2024-06,Discount,North,582.7,11.8,8.06,13.3,99.38,341.7,0,215,3.54,1705,61.8,21.8
P017,2024-06,Mass,North,231.2,39.57,20.09,35.07,94.44,879.56,1,487,3.48,3067,34.7,25.7
P018,2024-06,Mass,South,192.5,32.21,17.27,32.35,98.8,354.92,0,452,3.1,2796,34.9,25.3
P019,2024-06,Mass,Islands,241.8,26.06,13.24,25.99,98.78,436.01,0,454,3.4,2693,63.7,24.9
P020,2024-06,Premium,South,112.5,79.07,43.0,74.93,97.56,753.74,1,497,3.14,2786,53.1,28.0
P021,2024-06,Mass,Centre,609.3,29.76,17.29,30.75,92.48,718.95,1,129,4.85,2768,40.0,21.3
P022,2024-06,Mass,South,351.0,27.2,15.46,30.15,99.08,684.82,1,366,3.71,1606,69.9,22.4
P023,2024-06,Mass,North,258.1,26.06,13.84,26.79,101.17,665.4,1,443,3.62,3620,45.8,24.2
P024,2024-06,Premium,Centre,95.2,74.95,39.52,67.68,97.07,323.22,0,448,3.57,2215,18.4,23.8
P025,2024-06,Mass,Centre,585.6,25.43,15.36,25.48,97.06,505.38,0,197,2.9,2333,62.9,24.3
P026,2024-06,Mass,Centre,401.7,22.39,10.77,18.42,98.65,376.7,0,322,3.58,1962,57.7,21.7
P027,2024-06,Premium,South,84.8,85.59,46.02,80.77,97.03,351.14,0,545,3.54,2242,15.0,24.9
P028,2024-06,Mass,Centre,544.9,17.93,11.0,18.98,93.29,317.09,0,285,4.32,2904,32.7,22.0
P029,2024-06,Mass,Islands,553.5,19.1,13.82,23.19,102.77,890.37,1,198,4.03,1556,56.0,29.5
P030,2024-06,Mass,Centre,398.4,28.09,16.56,29.51,97.38,398.52,0,262,4.44,3040,37.1,24.8
P031,2024-06,Premium,North,110.7,89.81,53.39,93.77,98.79,444.7,0,465,3.69,2461,24.6,21.7
P032,2024-06,Discount,South,1006.1,13.49,7.32,11.07,95.6,316.21,0,50,3.34,2626,68.2,26.5
P033,2024-06,Discount,Islands,766.7,9.09,6.19,10.84,97.34,270.65,0,50,3.48,2060,35.8,24.6
P034,2024-06,Mass,South,223.7,52.95,24.9,44.61,101.63,399.38,0,480,3.4,2170,32.5,21.3
P035,2024-06,Mass,Islands,352.0,46.95,23.98,40.91,97.71,341.44,0,279,3.39,2744,36.9,27.6
P036,2024-06,Discount,Centre,626.5,10.28,5.17,11.7,95.09,294.08,0,177,4.21,3190,48.0,23.7
P037,2024-06,Mass,Islands,227.5,35.96,21.43,38.79,95.96,369.43,0,418,3.39,1944,42.8,23.4
P038,2024-06,Mass,North,218.4,24.88,13.77,22.69,100.64,342.26,0,460,2.97,1741,61.5,24.9
P039,2024-06,Discount,North,964.0,15.1,8.27,15.34,100.08,454.86,0,50,4.79,2373,35.8,23.8
P040,2024-06,Mass,Islands,425.4,26.38,14.01,25.53,95.52,370.01,0,239,3.6,2689,59.6,26.0
P001,2024-07,Premium,Centre,85.5,101.31,52.16,92.48,104.05,404.72,0,577,3.14,2581,77.8,24.7
P002,2024-07,Mass,South,320.7,31.03,16.09,28.03,97.89,448.69,0,409,3.61,3186,65.9,29.8
P003,2024-07,Mass,Centre,233.0,24.31,11.31,23.4,99.59,461.56,0,457,2.87,3037,55.5,23.1
P004,2024-07,Mass,Centre,432.3,23.61,16.66,27.06,102.37,402.97,0,315,4.11,3311,56.5,25.2
P005,2024-07,Mass,North,301.4,44.61,22.54,41.99,95.11,381.42,0,374,3.82,1396,66.6,24.9
P006,2024-07,Discount,Centre,433.4,17.77,8.75,14.51,97.38,382.16,0,302,2.14,2852,45.6,29.6
P007,2024-07,Discount,North,723.6,16.21,9.26,15.44,95.59,327.58,0,139,3.83,1988,46.0,21.0
P008,2024-07,Premium,South,132.7,88.3,50.76,93.21,100.03,402.8,0,539,2.47,3735,18.5,26.7
P009,2024-07,Mass,Centre,436.9,22.33,12.42,19.92,101.54,683.87,1,239,2.59,3077,37.4,25.3
P010,2024-07,Mass,North,288.4,26.56,13.31,25.35,99.13,341.68,0,398,3.32,2058,77.3,29.1
P011,2024-07,Discount,South,415.4,10.0,5.3,9.34,99.41,284.42,0,325,3.96,1918,30.6,24.4
P012,2024-07,Discount,Centre,744.6,13.6,6.89,14.52,95.52,343.2,0,69,4.21,1860,43.0,28.1
P013,2024-07,Mass,Centre,362.2,35.36,19.42,34.37,97.5,406.44,0,385,3.42,2790,10.5,25.3
P014,2024-07,Discount,South,845.0,14.44,8.12,13.36,96.61,337.31,0,50,3.22,2691,29.8,25.7
P015,2024-07,Mass,South,356.8,37.86,20.55,36.29,100.81,667.27,1,340,3.3,3270,63.6,27.3
P016,2024-07,Discount,North,447.8,13.82,8.59,10.62,99.72,214.08,0,294,3.51,2656,58.9,27.7
P017,2024-07,Mass,North,160.0,36.11,20.33,36.64,95.54,244.88,0,584,3.63,3264,49.3,34.5
P018,2024-07,Mass,South,174.5,34.0,15.56,27.58,95.25,272.87,0,395,4.84,2795,46.5,27.6
P019,2024-07,Mass,Islands,459.2,21.11,13.5,21.58,93.62,705.48,1,193,2.76,2025,28.3,23.8
P020,2024-07,Premium,South,106.1,78.29,43.96,78.06,99.49,774.71,1,474,3.03,2687,56.4,22.4
P021,2024-07,Mass,Centre,367.4,29.76,18.32,30.56,95.01,325.87,0,235,4.61,3065,19.6,25.7
P022,2024-07,Mass,South,169.7,31.02,16.1,29.37,99.19,299.11,0,538,3.9,3549,77.5,26.3
P023,2024-07,Mass,North,228.8,22.08,13.78,25.87,97.48,269.21,0,478,3.79,2150,46.6,27.8
P024,2024-07,Premium,Centre,104.9,58.1,39.35,68.94,98.45,371.12,0,545,3.36,2211,63.2,25.6
P025,2024-07,Mass,Centre,379.2,28.14,15.81,28.85,99.02,268.4,0,307,2.64,2493,38.6,29.3
P026,2024-07,Mass,Centre,399.2,21.78,11.17,20.59,96.58,475.78,0,346,3.05,2223,27.3,29.0
P027,2024-07,Premium,South,86.0,78.35,46.28,83.27,98.33,388.94,0,617,3.46,2639,50.9,26.3
P028,2024-07,Mass,Centre,328.9,22.83,11.34,19.52,97.81,330.57,0,370,3.02,2742,28.4,28.1
P029,2024-07,Mass,Islands,331.9,19.76,10.66,21.01,95.67,230.75,0,399,3.15,2800,57.2,22.5
P030,2024-07,Mass,Centre,354.7,29.01,15.85,31.09,94.81,340.27,0,380,3.54,2503,39.5,29.5
P031,2024-07,Premium,North,125.5,94.09,51.31,90.04,95.76,256.13,0,527,3.56,3533,73.8,22.0
P032,2024-07,Discount,South,924.0,14.21,8.42,16.25,102.02,360.38,0,50,3.81,3165,41.0,26.2
P033,2024-07,Discount,Islands,501.8,11.13,6.64,10.4,99.97,362.13,0,240,3.16,1693,47.1,22.4
P034,2024-07,Mass,South,359.2,43.42,23.17,43.84,99.06,758.25,1,347,4.13,3424,20.6,26.9
P035,2024-07,Mass,Islands,378.0,44.07,24.71,40.83,98.53,455.55,0,275,4.14,2493,35.2,22.5
P036,2024-07,Discount,Centre,457.9,12.88,5.88,10.61,100.19,449.89,0,339,4.99,3586,15.3,27.0
P037,2024-07,Mass,Islands,191.7,39.77,21.13,35.98,92.0,157.86,0,491,3.81,2552,30.6,30.2
P038,2024-07,Mass,North,207.8,22.38,13.22,25.51,97.88,418.69,0,489,3.48,1862,45.0,25.9
P039,2024-07,Discount,North,818.4,15.12,8.02,13.93,95.09,247.71,0,50,3.87,2125,24.2,27.1
P040,2024-07,Mass,Islands,385.6,26.19,15.51,26.02,100.04,267.92,0,266,3.44,2706,27.0,25.1
P001,2024-08,Premium,Centre,82.6,90.83,52.69,91.23,101.83,359.04,0,588,3.0,2123,42.0,22.6
P002,2024-08,Mass,South,353.1,28.2,17.29,29.75,97.13,683.05,1,460,3.91,2360,45.4,20.6
P003,2024-08,Mass,Centre,288.7,20.76,11.78,20.62,95.19,337.72,0,433,4.11,2775,29.7,19.7
P004,2024-08,Mass,Centre,498.6,28.41,16.46,28.92,101.68,759.67,1,225,3.27,2359,63.6,28.2
P005,2024-08,Mass,North,331.4,41.01,23.9,42.08,97.21,448.88,0,369,4.24,3257,41.7,27.9
P006,2024-08,Discount,Centre,635.8,13.29,8.95,13.13,96.64,325.38,0,84,3.97,2762,77.5,26.7
P007,2024-08,Discount,North,800.9,13.95,9.08,17.71,97.01,436.37,0,50,2.91,1889,70.6,24.5
P008,2024-08,Premium,South,226.3,85.36,49.9,84.92,95.29,778.44,1,386,3.29,2915,39.0,23.4
P009,2024-08,Mass,Centre,345.2,23.24,11.37,20.37,94.53,252.81,0,376,3.82,3769,40.8,25.3
P010,2024-08,Mass,North,295.5,26.12,14.89,22.67,99.7,281.63,0,399,4.01,2787,45.8,21.3
P011,2024-08,Discount,South,777.3,8.3,5.12,10.03,103.56,746.75,1,52,4.03,2845,22.7,26.0
P012,2024-08,Discount,Centre,784.1,14.58,7.97,12.91,100.9,285.15,0,50,3.02,1659,62.1,27.0
P013,2024-08,Mass,Centre,586.3,32.22,19.45,34.23,99.9,764.61,1,237,3.61,2037,58.3,30.3
P014,2024-08,Discount,South,1050.1,11.24,8.29,12.26,93.16,396.54,0,50,3.8,2933,66.7,25.0
P015,2024-08,Mass,South,253.2,40.29,19.61,34.08,96.62,287.82,0,440,3.62,3256,72.4,22.4
P016,2024-08,Discount,North,364.8,15.44,8.28,14.05,100.59,291.78,0,356,3.63,2025,54.3,24.6
P017,2024-08,Mass,North,156.4,38.17,20.46,38.83,98.32,380.37,0,519,3.1,1652,50.9,23.9
P018,2024-08,Mass,South,169.2,34.22,16.29,28.69,99.13,289.94,0,531,3.91,3586,52.9,24.8
P019,2024-08,Mass,Islands,227.2,22.6,13.68,23.85,97.45,316.1,0,425,2.11,2092,58.0,25.0
P020,2024-08,Premium,South,121.2,73.28,42.94,75.3,97.07,755.1,1,554,4.44,2674,55.0,23.4
P021,2024-08,Mass,Centre,339.7,34.06,18.43,31.98,98.77,425.04,0,405,4.25,1599,55.5,23.1
P022,2024-08,Mass,South,313.9,27.44,15.27,30.93,97.5,789.96,1,335,3.66,2291,7.0,19.3
P023,2024-08,Mass,North,194.9,25.73,14.43,23.27,97.54,432.53,0,462,3.93,2172,61.9,30.9
P024,2024-08,Premium,Centre,127.6,60.9,39.25,68.86,96.98,659.43,1,535,2.79,2254,46.9,28.4
P025,2024-08,Mass,Centre,480.7,30.88,16.14,27.81,104.05,692.5,1,206,3.52,2725,21.6,21.8
P026,2024-08,Mass,Centre,657.8,19.45,11.01,20.61,99.26,758.66,1,151,4.58,2875,53.6,23.7
P027,2024-08,Premium,South,75.8,90.13,47.5,82.71,99.27,305.95,0,560,2.98,2258,40.1,27.0
P028,2024-08,Mass,Centre,602.1,17.53,9.51,19.2,92.55,812.6,1,185,3.86,1898,33.1,24.4
P029,2024-08,Mass,Islands,401.6,20.48,13.31,22.76,100.61,654.88,1,360,2.81,2559,27.2,26.3
P030,2024-08,Mass,Centre,602.4,26.01,17.31,31.85,98.6,798.53,1,152,4.72,2726,24.2,25.9
P031,2024-08,Premium,North,128.4,114.14,51.73,93.06,96.76,389.48,0,506,2.98,4416,37.0,26.0
P032,2024-08,Discount,South,824.3,14.6,8.96,15.95,101.97,266.62,0,50,4.72,2053,50.0,25.1
P033,2024-08,Discount,Islands,543.3,10.24,6.58,9.85,97.61,321.21,0,159,4.5,2969,61.3,24.9
P034,2024-08,Mass,South,328.0,35.58,24.32,43.81,99.09,271.56,0,383,4.01,2629,59.1,22.5
P035,2024-08,Mass,Islands,441.4,43.62,24.22,43.07,100.54,858.89,1,296,4.53,2916,53.8,25.5
P036,2024-08,Discount,Centre,509.7,10.79,6.04,10.43,97.41,256.7,0,261,4.1,1723,49.1,18.7
P037,2024-08,Mass,Islands,190.3,41.5,24.01,41.62,100.35,222.84,0,451,3.92,758,27.2,23.2
P038,2024-08,Mass,North,243.6,23.04,12.83,22.52,98.79,775.38,1,425,3.37,2918,40.4,31.7
P039,2024-08,Discount,North,696.3,15.95,7.34,13.84,97.15,381.63,0,82,3.25,2824,73.3,20.0
P040,2024-08,Mass,Islands,310.8,26.92,14.85,25.97,97.31,221.23,0,301,5.0,2083,60.0,27.2
P001,2024-09,Premium,Centre,92.5,104.73,54.29,95.57,104.82,815.01,1,594,3.16,2426,56.6,16.3
P002,2024-09,Mass,South,292.7,26.51,16.75,28.46,97.69,326.63,0,396,3.27,2533,75.8,23.1
P003,2024-09,Mass,Centre,197.8,27.07,12.17,22.82,102.05,286.24,0,455,4.02,1752,38.7,24.9
P004,2024-09,Mass,Centre,378.2,24.5,16.22,29.33,100.56,379.49,0,365,4.55,2220,47.5,16.2
P005,2024-09,Mass,North,309.9,43.16,23.09,42.38,95.38,353.42,0,419,4.15,2731,50.4,21.7
P006,2024-09,Discount,Centre,479.1,14.95,9.04,15.45,99.1,467.42,0,233,3.85,2529,58.4,19.7
P007,2024-09,Discount,North,541.2,16.96,9.03,17.44,101.85,309.64,0,243,4.03,3981,50.8,23.0
P008,2024-09,Premium,South,118.9,97.72,52.71,91.69,99.56,484.78,0,581,3.66,2515,27.0,18.4
P009,2024-09,Mass,Centre,525.8,19.98,12.08,22.4,98.33,669.71,1,307,4.25,1203,26.7,21.7
P010,2024-09,Mass,North,428.3,24.58,13.57,24.49,98.14,762.19,1,306,4.97,2540,54.0,23.6
P011,2024-09,Discount,South,388.0,10.18,5.93,10.43,97.93,306.63,0,304,3.7,3248,52.9,19.4
P012,2024-09,Discount,Centre,837.6,13.29,7.62,14.66,96.89,393.36,0,50,5.0,2800,80.4,19.5
P013,2024-09,Mass,Centre,432.5,34.09,18.1,30.96,95.75,283.04,0,337,4.39,2290,37.8,18.1
P014,2024-09,Discount,South,1048.4,12.69,8.45,15.1,98.48,488.42,0,50,3.8,3010,58.7,21.8
P015,2024-09,Mass,South,195.9,37.84,20.96,37.15,103.9,279.23,0,496,4.67,1742,41.2,21.9
P016,2024-09,Discount,North,471.5,13.94,6.69,13.01,94.97,306.94,0,222,3.26,2920,78.1,16.9
P017,2024-09,Mass,North,119.0,41.94,21.79,39.52,98.21,220.97,0,511,3.13,2274,57.3,19.1
P018,2024-09,Mass,South,177.2,28.5,16.79,30.71,97.18,302.89,0,435,3.91,2342,54.1,20.5
P019,2024-09,Mass,Islands,229.6,25.43,13.54,23.32,98.38,410.46,0,458,4.23,2243,50.7,20.6
P020,2024-09,Premium,South,106.2,72.64,44.45,76.28,99.16,735.68,1,506,2.72,2536,67.0,18.7
P021,2024-09,Mass,Centre,553.3,28.45,19.19,33.33,104.21,755.32,1,221,4.27,2633,49.0,19.2
P022,2024-09,Mass,South,258.9,26.51,17.94,30.77,103.52,830.95,1,410,4.06,3407,57.2,21.9
P023,2024-09,Mass,North,169.7,25.06,13.41,24.91,96.26,544.21,0,457,3.02,2237,53.8,18.6
P024,2024-09,Premium,Centre,127.5,63.07,39.39,69.92,99.45,679.66,1,522,3.41,2438,54.0,19.3
P025,2024-09,Mass,Centre,418.6,26.85,16.07,27.2,99.27,407.41,0,299,3.58,3052,78.2,16.7
P026,2024-09,Mass,Centre,373.2,24.03,12.56,20.52,105.23,315.25,0,375,3.68,2334,35.1,22.7
P027,2024-09,Premium,South,83.2,96.37,49.75,86.79,101.03,466.07,0,505,3.92,2323,42.0,21.9
P028,2024-09,Mass,Centre,434.0,19.18,10.7,20.76,97.1,347.05,0,336,3.82,3075,28.0,16.9
P029,2024-09,Mass,Islands,300.7,21.52,13.91,23.05,100.91,362.73,0,439,3.81,2616,29.3,21.8
P030,2024-09,Mass,Centre,248.5,38.09,15.65,26.95,94.13,365.61,0,419,4.31,2575,72.5,17.9
P031,2024-09,Premium,North,172.0,86.98,53.1,94.5,99.21,738.94,1,460,3.19,2409,41.1,19.1
P032,2024-09,Discount,South,629.3,15.54,8.42,14.68,98.23,426.37,0,113,4.2,1593,48.2,22.2
P033,2024-09,Discount,Islands,439.8,12.09,6.58,10.32,102.85,340.51,0,273,3.81,1352,19.1,19.3
P034,2024-09,Mass,South,437.3,33.07,23.25,41.61,96.8,727.67,1,280,4.79,1161,22.4,23.4
P035,2024-09,Mass,Islands,336.8,38.43,23.06,39.8,95.84,418.14,0,304,4.88,2798,58.4,18.6
P036,2024-09,Discount,Centre,446.1,11.86,6.74,10.63,95.89,276.4,0,349,3.03,2008,86.7,19.6
P037,2024-09,Mass,Islands,162.5,42.91,21.27,39.69,97.74,368.27,0,475,2.36,2945,79.1,22.0
P038,2024-09,Mass,North,248.6,23.66,13.31,23.12,100.72,798.68,1,457,3.42,2668,38.7,19.0
P039,2024-09,Discount,North,1754.2,12.89,8.14,12.16,99.2,825.75,1,50,2.95,2190,35.9,18.0
P040,2024-09,Mass,Islands,313.9,25.14,15.32,29.57,99.88,197.25,0,290,3.73,1825,46.6,17.2
P001,2024-10,Premium,Centre,76.9,87.99,52.16,92.14,102.62,463.57,0,535,2.65,2712,72.7,17.2
P002,2024-10,Mass,South,346.9,32.45,17.32,29.96,102.43,733.44,1,304,4.25,2791,37.7,10.5
P003,2024-10,Mass,Centre,227.1,23.58,12.27,23.25,97.94,334.78,0,398,2.96,2224,45.6,8.6
P004,2024-10,Mass,Centre,267.2,31.21,14.82,29.02,97.88,362.72,0,317,4.13,2774,52.7,16.9
P005,2024-10,Mass,North,295.5,43.63,24.19,42.71,103.49,302.71,0,378,4.25,2456,20.8,16.4
P006,2024-10,Discount,Centre,430.3,16.92,8.55,16.24,100.27,356.66,0,325,3.14,1916,52.1,12.6
P007,2024-10,Discount,North,404.1,18.89,8.99,17.13,99.87,456.89,0,252,3.69,2288,23.1,14.2
P008,2024-10,Premium,South,120.3,91.02,51.91,92.54,100.53,195.51,0,487,3.84,3119,24.1,15.3
P009,2024-10,Mass,Centre,434.4,25.01,11.8,22.99,100.91,738.25,1,281,2.87,2765,57.3,6.4
P010,2024-10,Mass,North,443.6,23.66,15.44,25.83,95.06,681.53,1,246,2.81,2960,41.4,18.0
P011,2024-10,Discount,South,323.8,10.03,5.0,7.78,96.66,463.88,0,357,3.7,2190,67.7,12.4
P012,2024-10,Discount,Centre,726.0,14.01,8.57,15.86,101.05,304.06,0,81,4.06,3127,72.3,11.3
P013,2024-10,Mass,Centre,364.7,31.23,19.98,31.57,100.42,353.11,0,369,3.16,2275,39.0,16.6
P014,2024-10,Discount,South,654.0,16.09,7.69,15.03,96.11,183.93,0,153,3.37,3265,68.3,13.1
P015,2024-10,Mass,South,303.7,30.13,20.29,34.29,100.5,342.0,0,394,3.2,2227,47.9,14.2
P016,2024-10,Discount,North,328.4,15.78,9.02,12.31,102.45,303.51,0,416,1.51,2407,43.3,13.7
P017,2024-10,Mass,North,139.4,38.2,22.26,38.1,103.08,313.96,0,473,3.85,2540,35.9,13.6
P018,2024-10,Mass,South,172.7,29.39,16.7,29.41,99.07,384.48,0,510,3.97,3512,49.2,15.6
P019,2024-10,Mass,Islands,303.6,24.65,12.57,23.56,99.04,758.43,1,459,3.11,1930,49.6,15.9
P020,2024-10,Premium,South,61.3,84.94,44.25,75.05,98.96,69.71,0,473,3.7,2034,69.5,9.0
P021,2024-10,Mass,Centre,272.0,36.57,19.13,33.56,102.53,225.14,0,358,4.51,2027,20.3,9.7
P022,2024-10,Mass,South,258.4,27.6,17.25,29.46,99.5,823.97,1,368,4.35,2054,68.1,14.1
P023,2024-10,Mass,North,172.6,25.58,13.46,25.92,100.33,430.78,0,472,2.62,2748,59.0,14.1
P024,2024-10,Premium,Centre,75.6,66.99,40.54,71.34,99.68,392.14,0,527,3.25,1908,79.2,14.5
P025,2024-10,Mass,Centre,620.5,24.5,14.69,26.49,97.98,729.2,1,182,2.92,2825,62.2,11.8
P026,2024-10,Mass,Centre,312.4,21.97,11.72,20.75,98.76,289.87,0,391,3.27,1483,22.1,14.1
P027,2024-10,Premium,South,115.4,81.75,44.87,82.16,98.78,725.45,1,529,3.36,2450,27.6,11.9
P028,2024-10,Mass,Centre,635.7,16.59,10.24,20.25,98.63,802.16,1,140,4.29,3363,34.8,15.7
P029,2024-10,Mass,Islands,426.1,21.16,13.09,22.07,103.43,663.75,1,304,3.01,2950,64.3,15.0
P030,2024-10,Mass,Centre,442.5,29.55,17.13,30.1,102.76,743.66,1,328,3.23,2724,80.9,12.2
P031,2024-10,Premium,North,124.0,87.25,54.96,96.15,100.71,388.67,0,525,3.13,2073,67.7,12.1
P032,2024-10,Discount,South,890.6,13.27,8.28,15.13,100.01,226.7,0,50,3.84,1962,66.3,16.6
P033,2024-10,Discount,Islands,352.5,13.04,6.45,13.28,102.81,243.55,0,266,3.44,3562,56.5,14.5
P034,2024-10,Mass,South,247.9,43.11,24.52,44.77,100.59,356.69,0,423,3.93,2680,65.5,16.4
P035,2024-10,Mass,Islands,500.3,41.67,23.99,42.46,101.02,760.52,1,215,3.67,2951,21.3,16.0
P036,2024-10,Discount,Centre,1106.3,8.67,5.94,10.3,99.82,718.22,1,50,3.55,1916,57.6,13.4
P037,2024-10,Mass,Islands,285.6,30.95,21.61,40.59,98.23,708.21,1,449,3.38,2958,57.4,13.1
P038,2024-10,Mass,North,151.7,25.46,13.97,25.0,102.03,437.89,0,473,3.62,2158,42.1,12.3
P039,2024-10,Discount,North,808.2,14.84,8.13,14.92,98.32,200.62,0,50,3.86,843,59.2,11.4
P040,2024-10,Mass,Islands,331.6,28.3,14.86,24.93,102.5,160.72,0,259,3.08,3682,31.5,10.5
P001,2024-11,Premium,Centre,78.8,92.92,50.85,88.63,99.74,497.42,0,574,3.11,2569,49.9,7.3
P002,2024-11,Mass,South,409.5,25.76,17.69,30.34,103.42,646.13,1,287,3.59,2431,76.1,1.6
P003,2024-11,Mass,Centre,246.7,22.43,11.8,20.69,97.66,361.23,0,381,4.72,1729,63.0,7.8
P004,2024-11,Mass,Centre,345.8,27.42,15.6,27.31,97.9,389.09,0,306,4.72,1910,67.5,9.2
P005,2024-11,Mass,North,266.2,41.71,24.44,41.06,98.55,266.59,0,373,3.79,3855,63.1,7.0
P006,2024-11,Discount,Centre,457.8,13.93,9.43,16.25,98.17,386.14,0,331,3.42,1982,26.1,5.4
P007,2024-11,Discount,North,506.9,17.74,8.72,14.84,95.78,241.5,0,229,5.0,2815,60.1,6.8
P008,2024-11,Premium,South,177.2,76.53,49.81,85.86,96.4,778.6,1,472,3.47,1926,40.2,4.1
P009,2024-11,Mass,Centre,355.1,22.29,13.03,23.4,100.62,409.63,0,376,4.14,2579,44.1,9.9
P010,2024-11,Mass,North,413.7,22.08,14.06,25.59,98.84,828.51,1,343,4.18,2910,66.7,8.0
P011,2024-11,Discount,South,669.8,8.67,6.91,11.5,98.23,742.59,1,158,5.0,2016,42.3,7.9
P012,2024-11,Discount,Centre,1003.3,12.09,7.51,14.07,97.28,461.78,0,50,4.47,2945,47.4,6.9
P013,2024-11,Mass,Centre,418.6,33.38,18.73,35.12,101.03,289.59,0,283,4.57,2915,68.7,5.6
P014,2024-11,Discount,South,687.5,15.74,8.28,15.7,96.77,340.25,0,102,4.6,1380,37.1,6.5
P015,2024-11,Mass,South,231.2,41.25,20.12,35.02,101.83,271.41,0,541,2.8,1240,58.0,8.9
P016,2024-11,Discount,North,610.0,11.65,7.15,13.22,97.68,730.93,1,181,4.34,3294,36.4,6.5
P017,2024-11,Mass,North,156.1,38.33,21.63,39.47,99.6,338.17,0,488,4.33,2385,47.2,7.7
P018,2024-11,Mass,South,204.8,35.51,17.96,30.22,104.21,684.41,1,482,3.52,2710,43.3,11.4
P019,2024-11,Mass,Islands,343.0,24.68,14.14,24.31,97.88,777.37,1,414,3.35,2310,63.9,10.4
P020,2024-11,Premium,South,73.5,70.46,46.24,80.13,101.43,292.1,0,545,2.53,2594,52.6,10.9
P021,2024-11,Mass,Centre,320.6,33.17,18.43,31.64,100.11,341.47,0,400,3.04,2296,39.5,6.5
P022,2024-11,Mass,South,158.1,31.54,15.67,29.26,95.13,468.67,0,482,3.24,2746,51.9,9.3
P023,2024-11,Mass,North,231.4,25.93,13.74,26.5,98.77,909.35,1,433,4.27,2400,100.0,3.7
P024,2024-11,Premium,Centre,126.1,59.88,40.42,72.15,100.47,792.76,1,546,4.74,2903,46.7,9.7
P025,2024-11,Mass,Centre,433.8,25.82,15.85,29.63,98.23,291.39,0,318,3.35,2822,49.7,7.7
P026,2024-11,Mass,Centre,511.8,18.53,11.58,19.24,98.13,669.09,1,296,5.0,2894,42.6,9.3
P027,2024-11,Premium,South,85.8,92.86,48.8,84.79,102.23,297.93,0,483,2.47,2943,37.9,7.0
P028,2024-11,Mass,Centre,548.1,16.95,11.12,19.93,95.3,305.04,0,222,3.85,2892,43.3,8.1
P029,2024-11,Mass,Islands,249.7,23.25,13.48,22.11,99.81,321.84,0,435,3.77,2734,71.2,7.4
P030,2024-11,Mass,Centre,300.9,35.25,17.77,30.07,101.09,291.65,0,387,2.89,2392,64.5,4.7
P031,2024-11,Premium,North,164.4,90.25,52.11,91.56,97.5,816.65,1,488,3.71,1829,70.9,4.7
P032,2024-11,Discount,South,649.7,14.96,7.52,15.5,103.44,336.9,0,167,4.27,3367,36.7,3.2
P033,2024-11,Discount,Islands,465.7,11.77,6.32,11.13,102.83,280.73,0,226,4.4,2513,32.1,11.8
P034,2024-11,Mass,South,287.9,41.59,25.74,45.06,104.3,386.05,0,420,4.08,2479,28.6,8.7
P035,2024-11,Mass,Islands,318.1,45.7,24.99,44.16,107.26,472.71,0,373,4.55,2390,84.7,11.6
P036,2024-11,Discount,Centre,476.8,11.61,6.71,10.13,97.49,258.55,0,244,4.43,3096,32.6,9.1
P037,2024-11,Mass,Islands,171.7,43.5,23.12,40.4,100.84,283.88,0,442,4.54,1146,64.6,11.0
P038,2024-11,Mass,North,167.4,26.35,14.22,22.26,97.75,463.87,0,463,4.65,3118,65.7,8.4
P039,2024-11,Discount,North,724.5,15.73,8.16,16.37,101.17,167.67,0,100,3.74,2387,55.5,7.7
P040,2024-11,Mass,Islands,254.0,32.45,16.29,26.65,103.73,368.9,0,338,4.09,2194,63.0,6.0
P001,2024-12,Premium,Centre,105.1,89.6,48.99,86.74,96.66,795.25,1,542,3.85,3354,65.1,9.5
P002,2024-12,Mass,South,324.8,28.49,16.81,29.67,101.65,366.06,0,336,3.27,2931,34.5,9.0
P003,2024-12,Mass,Centre,227.9,24.42,13.15,22.62,103.81,320.59,0,493,3.01,2102,50.8,8.5
P004,2024-12,Mass,Centre,319.3,29.35,15.43,28.76,100.41,366.24,0,372,3.8,2532,43.0,3.1
P005,2024-12,Mass,North,407.6,41.2,25.58,45.24,97.92,740.71,1,442,3.54,2597,14.9,4.1
P006,2024-12,Discount,Centre,533.0,14.23,9.69,15.32,100.02,258.94,0,189,2.8,2476,74.6,4.3
P007,2024-12,Discount,North,465.0,18.53,9.27,17.42,99.52,433.34,0,276,3.22,2888,47.7,0.8
P008,2024-12,Premium,South,142.5,95.07,51.92,91.8,100.33,661.49,1,507,4.1,2047,32.0,1.6
P009,2024-12,Mass,Centre,608.4,20.41,12.57,22.21,103.14,768.94,1,132,3.96,1404,47.2,6.0
P010,2024-12,Mass,North,319.9,24.56,14.43,23.78,97.34,251.07,0,324,2.88,2500,72.9,2.5
P011,2024-12,Discount,South,414.7,9.18,4.27,10.54,98.7,450.86,0,272,4.54,3164,33.4,1.1
P012,2024-12,Discount,Centre,667.2,14.38,8.12,15.34,101.3,377.66,0,107,3.53,2431,41.6,2.3
P013,2024-12,Mass,Centre,366.3,35.27,17.93,32.93,100.27,294.58,0,347,2.63,1786,64.8,4.6
P014,2024-12,Discount,South,727.8,15.35,7.71,15.3,96.59,302.95,0,112,2.28,1348,32.2,2.9
P015,2024-12,Mass,South,258.0,44.53,20.14,36.9,102.49,224.39,0,435,3.55,2552,40.3,3.5
P016,2024-12,Discount,North,352.8,14.59,8.25,14.86,98.91,401.27,0,364,4.55,2104,55.0,-0.7
P017,2024-12,Mass,North,152.8,37.62,22.54,37.86,98.55,275.08,0,475,5.0,2417,38.7,1.7
P018,2024-12,Mass,South,267.7,30.17,17.13,26.9,98.96,663.99,1,338,3.38,2829,14.2,3.6
P019,2024-12,Mass,Islands,242.3,23.14,13.83,23.61,101.02,447.83,0,396,3.59,1811,33.8,-0.6
P020,2024-12,Premium,South,73.7,78.76,43.23,78.27,99.67,446.09,0,528,3.41,2720,84.4,2.8
P021,2024-12,Mass,Centre,321.6,36.85,18.87,34.42,97.91,416.15,0,438,2.58,3943,34.7,2.2
P022,2024-12,Mass,South,276.1,27.62,16.95,30.25,100.23,835.87,1,437,4.06,2794,61.1,4.5
P023,2024-12,Mass,North,198.6,22.75,13.96,23.35,98.75,383.48,0,443,3.98,3924,60.7,4.9
P024,2024-12,Premium,Centre,83.4,65.99,39.27,68.78,99.09,387.25,0,501,3.64,2495,28.1,3.6
P025,2024-12,Mass,Centre,363.9,25.21,15.33,27.3,98.8,305.85,0,386,4.62,2827,56.7,3.2
P026,2024-12,Mass,Centre,343.1,24.07,11.72,20.4,103.14,358.05,0,443,3.96,1621,36.3,2.2
P027,2024-12,Premium,South,124.1,76.6,48.31,85.04,101.22,786.74,1,533,4.58,2833,37.3,4.2
P028,2024-12,Mass,Centre,378.5,21.14,11.65,21.64,98.07,297.38,0,355,4.12,1863,37.7,-2.2
P029,2024-12,Mass,Islands,331.9,21.6,13.15,21.21,101.1,290.11,0,319,4.07,2140,59.7,6.5
P030,2024-12,Mass,Centre,336.9,29.04,17.29,30.86,98.98,347.71,0,371,4.68,1799,28.9,4.5
P031,2024-12,Premium,North,171.0,97.32,54.13,96.38,101.51,826.79,1,462,2.23,2545,39.8,4.8
P032,2024-12,Discount,South,938.1,13.46,7.23,11.5,99.67,382.1,0,50,4.54,3071,48.1,0.7
P033,2024-12,Discount,Islands,537.9,10.15,6.73,12.45,101.93,438.78,0,289,3.77,2168,42.7,3.1
P034,2024-12,Mass,South,249.0,46.81,25.28,42.34,101.32,398.75,0,459,3.46,2554,38.4,2.7
P035,2024-12,Mass,Islands,355.8,44.81,22.55,40.49,97.95,257.96,0,316,1.98,2508,69.0,0.5
P036,2024-12,Discount,Centre,466.4,11.21,7.77,11.48,101.24,378.6,0,265,3.33,2049,57.4,5.1
P037,2024-12,Mass,Islands,268.8,36.23,24.24,41.4,101.86,746.1,1,500,4.18,2407,70.3,4.3
P038,2024-12,Mass,North,279.2,20.68,13.72,23.18,97.98,653.89,1,409,4.11,1798,27.1,10.4
P039,2024-12,Discount,North,707.7,15.83,8.08,15.8,99.31,243.54,0,148,4.59,1562,66.7,3.9
P040,2024-12,Mass,Islands,330.3,29.33,15.52,27.67,101.62,253.38,0,297,3.84,2836,76.3,4.1
